1,cortexode,pial,1559,242785,adni_lh_200109.pial_converted-cut.stl
2,cortexode,pial,588,292431,adni_lh_200210.pial_converted-cut.stl
3,cortexode,pial,734,238395,adni_lh_200311.pial_converted-cut.stl
4,cortexode,pial,953,237957,adni_lh_200614.pial_converted-cut.stl
5,cortexode,pial,1468,241524,adni_lh_200917.pial_converted-cut.stl
6,cortexode,pial,345,243570,adni_lh_201111.pial_converted-cut.stl
7,cortexode,pial,669,221918,adni_lh_201414.pial_converted-cut.stl
8,cortexode,pial,1332,262841,adni_lh_201515.pial_converted-cut.stl
9,cortexode,pial,463,255685,adni_lh_201717.pial_converted-cut.stl
10,cortexode,pial,1532,228502,adni_lh_201818.pial_converted-cut.stl
11,cortexode,pial,1273,254376,adni_lh_202113.pial_converted-cut.stl
12,cortexode,pial,598,251238,adni_lh_202719.pial_converted-cut.stl
13,cortexode,pial,699,230504,adni_lh_203418.pial_converted-cut.stl
14,cortexode,pial,868,212773,adni_lh_203721.pial_converted-cut.stl
15,cortexode,pial,1319,250821,adni_lh_203923.pial_converted-cut.stl
16,cortexode,pial,724,241825,adni_lh_204016.pial_converted-cut.stl
17,cortexode,pial,706,264308,adni_lh_204319.pial_converted-cut.stl
18,cortexode,pial,1210,207535,adni_lh_204420.pial_converted-cut.stl
19,cortexode,pial,1525,206547,adni_lh_204521.pial_converted-cut.stl
20,cortexode,pial,485,246073,adni_lh_204622.pial_converted-cut.stl
21,cortexode,pial,256,253401,adni_lh_205119.pial_converted-cut.stl
22,cortexode,pial,860,221504,adni_lh_205220.pial_converted-cut.stl
23,cortexode,pial,920,203948,adni_lh_205725.pial_converted-cut.stl
24,cortexode,pial,649,250011,adni_lh_205826.pial_converted-cut.stl
25,cortexode,pial,975,256892,adni_lh_206222.pial_converted-cut.stl
26,cortexode,pial,208,275025,adni_lh_207123.pial_converted-cut.stl
27,cortexode,pial,339,224670,adni_lh_207426.pial_converted-cut.stl
28,cortexode,pial,854,261494,adni_lh_207628.pial_converted-cut.stl
29,cortexode,pial,593,208622,adni_lh_208024.pial_converted-cut.stl
30,cortexode,pial,459,238193,adni_lh_208125.pial_converted-cut.stl
31,cortexode,pial,822,225884,adni_lh_208226.pial_converted-cut.stl
32,cortexode,pial,443,286014,adni_lh_208327.pial_converted-cut.stl
33,cortexode,pial,1676,182626,adni_lh_208428.pial_converted-cut.stl
34,cortexode,pial,786,228651,adni_lh_209127.pial_converted-cut.stl
35,cortexode,pial,542,242114,adni_lh_209228.pial_converted-cut.stl
36,cortexode,pial,1195,219791,adni_lh_209329.pial_converted-cut.stl
37,cortexode,pial,1436,208646,adni_lh_209834.pial_converted-cut.stl
38,cortexode,pial,786,251552,adni_lh_209935.pial_converted-cut.stl
39,cortexode,pial,341,251051,adni_lh_210011.pial_converted-cut.stl
40,cortexode,pial,978,210815,adni_lh_210415.pial_converted-cut.stl
41,cortexode,pial,1433,258076,adni_lh_210617.pial_converted-cut.stl
42,cortexode,pial,1376,239480,adni_lh_211114.pial_converted-cut.stl
43,cortexode,pial,576,277509,adni_lh_211215.pial_converted-cut.stl
44,cortexode,pial,492,206413,adni_lh_211316.pial_converted-cut.stl
45,cortexode,pial,782,234146,adni_lh_211417.pial_converted-cut.stl
46,cortexode,pial,767,266736,adni_lh_211720.pial_converted-cut.stl
47,cortexode,pial,925,236150,adni_lh_211922.pial_converted-cut.stl
48,cortexode,pial,710,252709,adni_lh_212015.pial_converted-cut.stl
49,cortexode,pial,739,223850,adni_lh_212116.pial_converted-cut.stl
50,cortexode,pial,722,223528,adni_lh_212217.pial_converted-cut.stl
51,cortexode,pial,542,213160,adni_lh_212318.pial_converted-cut.stl
52,cortexode,pial,707,236252,adni_lh_212419.pial_converted-cut.stl
53,cortexode,pial,870,252699,adni_lh_212823.pial_converted-cut.stl
54,cortexode,pial,845,252626,adni_lh_213421.pial_converted-cut.stl
55,cortexode,pial,728,218231,adni_lh_214019.pial_converted-cut.stl
56,cortexode,pial,1074,222097,adni_lh_214221.pial_converted-cut.stl
57,cortexode,pial,895,289886,adni_lh_214423.pial_converted-cut.stl
58,cortexode,pial,297,252560,adni_lh_214524.pial_converted-cut.stl
59,cortexode,pial,836,244368,adni_lh_214625.pial_converted-cut.stl
60,cortexode,pial,392,244380,adni_lh_214726.pial_converted-cut.stl
61,cortexode,pial,849,232585,adni_lh_217126.pial_converted-cut.stl
62,cortexode,pial,1069,224576,adni_lh_217429.pial_converted-cut.stl
63,cortexode,pial,315,246680,adni_lh_220721.pial_converted-cut.stl
64,cortexode,pial,1170,216785,adni_lh_221218.pial_converted-cut.stl
65,cortexode,pial,802,210543,adni_lh_221319.pial_converted-cut.stl
66,cortexode,pial,1241,332016,adni_lh_223929.pial_converted-cut.stl
67,cortexode,pial,866,195780,adni_lh_224022.pial_converted-cut.stl
68,cortexode,pial,731,236908,adni_lh_227432.pial_converted-cut.stl
69,cortexode,pial,712,215192,adni_lh_228434.pial_converted-cut.stl
70,cortexode,pial,939,220857,adni_lh_231928.pial_converted-cut.stl
71,cortexode,pial,523,260767,adni_lh_233326.pial_converted-cut.stl
72,cortexode,pial,791,234792,adni_lh_236130.pial_converted-cut.stl
73,cortexode,pial,626,217826,adni_lh_237334.pial_converted-cut.stl
74,cortexode,pial,1098,244007,adni_lh_239944.pial_converted-cut.stl
75,cortexode,pial,1193,218566,adni_lh_245333.pial_converted-cut.stl
76,cortexode,pial,1726,245353,adni_lh_246133.pial_converted-cut.stl
77,cortexode,pial,961,243460,adni_lh_248339.pial_converted-cut.stl
78,cortexode,pial,1159,229095,adni_lh_249947.pial_converted-cut.stl
79,cortexode,pial,754,218021,adni_lh_250427.pial_converted-cut.stl
80,cortexode,pial,661,222529,adni_lh_250932.pial_converted-cut.stl
81,cortexode,pial,585,260570,adni_lh_251833.pial_converted-cut.stl
82,cortexode,pial,920,213682,adni_lh_255639.pial_converted-cut.stl
83,cortexode,pial,851,218936,adni_lh_256540.pial_converted-cut.stl
84,cortexode,pial,723,241572,adni_lh_257542.pial_converted-cut.stl
85,cortexode,pial,560,249716,adni_lh_257845.pial_converted-cut.stl
86,cortexode,pial,1455,250657,adni_lh_263436.pial_converted-cut.stl
87,cortexode,pial,977,278550,adni_lh_268749.pial_converted-cut.stl
88,cortexode,pial,797,235947,adni_lh_268850.pial_converted-cut.stl
89,cortexode,pial,1234,293893,adni_lh_270332.pial_converted-cut.stl
90,cortexode,pial,898,222734,adni_lh_275645.pial_converted-cut.stl
91,cortexode,pial,837,214778,adni_lh_280739.pial_converted-cut.stl
92,cortexode,pial,821,241330,adni_lh_280941.pial_converted-cut.stl
93,cortexode,pial,761,249375,adni_lh_283543.pial_converted-cut.stl
94,cortexode,pial,1066,236114,adni_lh_284646.pial_converted-cut.stl
95,cortexode,pial,929,220883,adni_lh_285345.pial_converted-cut.stl
96,cortexode,pial,1118,253984,adni_lh_285446.pial_converted-cut.stl
97,cortexode,pial,330,257242,adni_lh_286650.pial_converted-cut.stl
98,cortexode,pial,1217,250353,adni_lh_287248.pial_converted-cut.stl
99,cortexode,pial,836,194062,adni_lh_289555.pial_converted-cut.stl
100,cortexode,pial,804,257154,adni_lh_290136.pial_converted-cut.stl
101,cortexode,pial,1119,200877,adni_lh_293748.pial_converted-cut.stl
102,cortexode,pial,653,216236,adni_lh_295146.pial_converted-cut.stl
103,cortexode,pial,392,190667,adni_lh_297655.pial_converted-cut.stl
104,cortexode,pial,570,260868,adni_lh_298051.pial_converted-cut.stl
105,cortexode,pial,410,242909,adni_lh_298455.pial_converted-cut.stl
106,cortexode,pial,1262,266854,adni_lh_299154.pial_converted-cut.stl
0,cortexode,white,49,225312,adni_lh_200008.white_converted-cut.stl
1,cortexode,white,167,244489,adni_lh_200109.white_converted-cut.stl
2,cortexode,white,20,292806,adni_lh_200210.white_converted-cut.stl
3,cortexode,white,31,239357,adni_lh_200311.white_converted-cut.stl
4,cortexode,white,76,238283,adni_lh_200614.white_converted-cut.stl
5,cortexode,white,76,241982,adni_lh_200917.white_converted-cut.stl
6,cortexode,white,60,244251,adni_lh_201111.white_converted-cut.stl
7,cortexode,white,25,224434,adni_lh_201414.white_converted-cut.stl
8,cortexode,white,442,262346,adni_lh_201515.white_converted-cut.stl
9,cortexode,white,0,258045,adni_lh_201717.white_converted-cut.stl
10,cortexode,white,81,226748,adni_lh_201818.white_converted-cut.stl
11,cortexode,white,30,256213,adni_lh_202113.white_converted-cut.stl
12,cortexode,white,20,251578,adni_lh_202719.white_converted-cut.stl
13,cortexode,white,123,231501,adni_lh_203418.white_converted-cut.stl
14,cortexode,white,127,215400,adni_lh_203721.white_converted-cut.stl
15,cortexode,white,57,251769,adni_lh_203923.white_converted-cut.stl
16,cortexode,white,18,243955,adni_lh_204016.white_converted-cut.stl
17,cortexode,white,47,264813,adni_lh_204319.white_converted-cut.stl
18,cortexode,white,113,206769,adni_lh_204420.white_converted-cut.stl
19,cortexode,white,97,207881,adni_lh_204521.white_converted-cut.stl
20,cortexode,white,14,246965,adni_lh_204622.white_converted-cut.stl
21,cortexode,white,0,253314,adni_lh_205119.white_converted-cut.stl
22,cortexode,white,46,221104,adni_lh_205220.white_converted-cut.stl
23,cortexode,white,68,204385,adni_lh_205725.white_converted-cut.stl
24,cortexode,white,3,251188,adni_lh_205826.white_converted-cut.stl
25,cortexode,white,34,258142,adni_lh_206222.white_converted-cut.stl
26,cortexode,white,20,277145,adni_lh_207123.white_converted-cut.stl
27,cortexode,white,12,226083,adni_lh_207426.white_converted-cut.stl
28,cortexode,white,49,262722,adni_lh_207628.white_converted-cut.stl
29,cortexode,white,65,210110,adni_lh_208024.white_converted-cut.stl
30,cortexode,white,30,239164,adni_lh_208125.white_converted-cut.stl
31,cortexode,white,74,226932,adni_lh_208226.white_converted-cut.stl
32,cortexode,white,3,287215,adni_lh_208327.white_converted-cut.stl
33,cortexode,white,136,185168,adni_lh_208428.white_converted-cut.stl
34,cortexode,white,115,229248,adni_lh_209127.white_converted-cut.stl
35,cortexode,white,30,243796,adni_lh_209228.white_converted-cut.stl
36,cortexode,white,87,218946,adni_lh_209329.white_converted-cut.stl
37,cortexode,white,90,210174,adni_lh_209834.white_converted-cut.stl
38,cortexode,white,18,251486,adni_lh_209935.white_converted-cut.stl
39,cortexode,white,25,249825,adni_lh_210011.white_converted-cut.stl
40,cortexode,white,39,211785,adni_lh_210415.white_converted-cut.stl
41,cortexode,white,84,258632,adni_lh_210617.white_converted-cut.stl
42,cortexode,white,54,241363,adni_lh_211114.white_converted-cut.stl
43,cortexode,white,14,279048,adni_lh_211215.white_converted-cut.stl
44,cortexode,white,17,206200,adni_lh_211316.white_converted-cut.stl
45,cortexode,white,34,235896,adni_lh_211417.white_converted-cut.stl
46,cortexode,white,7,267925,adni_lh_211720.white_converted-cut.stl
47,cortexode,white,126,236985,adni_lh_211922.white_converted-cut.stl
48,cortexode,white,49,256026,adni_lh_212015.white_converted-cut.stl
49,cortexode,white,33,226770,adni_lh_212116.white_converted-cut.stl
50,cortexode,white,64,224199,adni_lh_212217.white_converted-cut.stl
51,cortexode,white,29,213784,adni_lh_212318.white_converted-cut.stl
52,cortexode,white,45,235880,adni_lh_212419.white_converted-cut.stl
53,cortexode,white,47,255338,adni_lh_212823.white_converted-cut.stl
54,cortexode,white,35,252644,adni_lh_213421.white_converted-cut.stl
55,cortexode,white,193,219044,adni_lh_214019.white_converted-cut.stl
56,cortexode,white,119,222423,adni_lh_214221.white_converted-cut.stl
57,cortexode,white,91,292461,adni_lh_214423.white_converted-cut.stl
58,cortexode,white,9,252018,adni_lh_214524.white_converted-cut.stl
59,cortexode,white,38,245000,adni_lh_214625.white_converted-cut.stl
60,cortexode,white,21,246261,adni_lh_214726.white_converted-cut.stl
61,cortexode,white,61,231646,adni_lh_217126.white_converted-cut.stl
62,cortexode,white,147,225591,adni_lh_217429.white_converted-cut.stl
63,cortexode,white,4,247999,adni_lh_220721.white_converted-cut.stl
64,cortexode,white,74,217927,adni_lh_221218.white_converted-cut.stl
65,cortexode,white,51,212128,adni_lh_221319.white_converted-cut.stl
66,cortexode,white,45,330931,adni_lh_223929.white_converted-cut.stl
67,cortexode,white,17,197709,adni_lh_224022.white_converted-cut.stl
68,cortexode,white,38,238816,adni_lh_227432.white_converted-cut.stl
69,cortexode,white,169,216873,adni_lh_228434.white_converted-cut.stl
70,cortexode,white,217,224062,adni_lh_231928.white_converted-cut.stl
71,cortexode,white,23,263286,adni_lh_233326.white_converted-cut.stl
72,cortexode,white,69,235107,adni_lh_236130.white_converted-cut.stl
73,cortexode,white,5,217885,adni_lh_237334.white_converted-cut.stl
74,cortexode,white,35,245898,adni_lh_239944.white_converted-cut.stl
75,cortexode,white,70,219848,adni_lh_245333.white_converted-cut.stl
76,cortexode,white,308,247748,adni_lh_246133.white_converted-cut.stl
77,cortexode,white,21,244133,adni_lh_248339.white_converted-cut.stl
78,cortexode,white,171,230369,adni_lh_249947.white_converted-cut.stl
79,cortexode,white,36,218507,adni_lh_250427.white_converted-cut.stl
80,cortexode,white,63,224356,adni_lh_250932.white_converted-cut.stl
81,cortexode,white,13,262602,adni_lh_251833.white_converted-cut.stl
82,cortexode,white,30,215223,adni_lh_255639.white_converted-cut.stl
83,cortexode,white,45,220353,adni_lh_256540.white_converted-cut.stl
84,cortexode,white,20,243059,adni_lh_257542.white_converted-cut.stl
85,cortexode,white,4,250888,adni_lh_257845.white_converted-cut.stl
86,cortexode,white,71,251245,adni_lh_263436.white_converted-cut.stl
87,cortexode,white,4,280749,adni_lh_268749.white_converted-cut.stl
88,cortexode,white,79,238721,adni_lh_268850.white_converted-cut.stl
89,cortexode,white,50,295712,adni_lh_270332.white_converted-cut.stl
90,cortexode,white,40,225176,adni_lh_275645.white_converted-cut.stl
91,cortexode,white,117,214988,adni_lh_280739.white_converted-cut.stl
92,cortexode,white,92,242854,adni_lh_280941.white_converted-cut.stl
93,cortexode,white,25,251006,adni_lh_283543.white_converted-cut.stl
94,cortexode,white,24,235829,adni_lh_284646.white_converted-cut.stl
95,cortexode,white,173,223178,adni_lh_285345.white_converted-cut.stl
96,cortexode,white,55,254928,adni_lh_285446.white_converted-cut.stl
97,cortexode,white,159,257693,adni_lh_286650.white_converted-cut.stl
98,cortexode,white,125,250985,adni_lh_287248.white_converted-cut.stl
99,cortexode,white,41,195386,adni_lh_289555.white_converted-cut.stl
100,cortexode,white,124,256267,adni_lh_290136.white_converted-cut.stl
101,cortexode,white,135,200816,adni_lh_293748.white_converted-cut.stl
102,cortexode,white,10,218416,adni_lh_295146.white_converted-cut.stl
103,cortexode,white,31,191320,adni_lh_297655.white_converted-cut.stl
104,cortexode,white,24,261370,adni_lh_298051.white_converted-cut.stl
105,cortexode,white,18,244829,adni_lh_298455.white_converted-cut.stl
106,cortexode,white,44,267211,adni_lh_299154.white_converted-cut.stl
0,corticalflow,pial,3518,642823,200008_lh_pial_Df2.pial_converted-cut.stl
1,corticalflow,pial,3618,641383,200109_lh_pial_Df2.pial_converted-cut.stl
2,corticalflow,pial,1579,659031,200210_lh_pial_Df2.pial_converted-cut.stl
3,corticalflow,pial,1136,650054,200311_lh_pial_Df2.pial_converted-cut.stl
4,corticalflow,pial,7139,641313,200614_lh_pial_Df2.pial_converted-cut.stl
5,corticalflow,pial,9284,653763,200917_lh_pial_Df2.pial_converted-cut.stl
6,corticalflow,pial,249,656436,201111_lh_pial_Df2.pial_converted-cut.stl
7,corticalflow,pial,3046,642278,201414_lh_pial_Df2.pial_converted-cut.stl
8,corticalflow,pial,5764,658466,201515_lh_pial_Df2.pial_converted-cut.stl
9,corticalflow,pial,1665,637266,201717_lh_pial_Df2.pial_converted-cut.stl
10,corticalflow,pial,2022,673947,201818_lh_pial_Df2.pial_converted-cut.stl
11,corticalflow,pial,6254,648436,202113_lh_pial_Df2.pial_converted-cut.stl
12,corticalflow,pial,2690,664975,202719_lh_pial_Df2.pial_converted-cut.stl
13,corticalflow,pial,4865,643622,203418_lh_pial_Df2.pial_converted-cut.stl
14,corticalflow,pial,1559,642369,203721_lh_pial_Df2.pial_converted-cut.stl
15,corticalflow,pial,5294,642020,203923_lh_pial_Df2.pial_converted-cut.stl
16,corticalflow,pial,5417,649133,204016_lh_pial_Df2.pial_converted-cut.stl
17,corticalflow,pial,2884,655206,204319_lh_pial_Df2.pial_converted-cut.stl
18,corticalflow,pial,1788,656579,204420_lh_pial_Df2.pial_converted-cut.stl
19,corticalflow,pial,812,644334,204521_lh_pial_Df2.pial_converted-cut.stl
20,corticalflow,pial,1555,642940,204622_lh_pial_Df2.pial_converted-cut.stl
21,corticalflow,pial,499,655471,205119_lh_pial_Df2.pial_converted-cut.stl
22,corticalflow,pial,473,653728,205220_lh_pial_Df2.pial_converted-cut.stl
23,corticalflow,pial,6997,671117,205725_lh_pial_Df2.pial_converted-cut.stl
24,corticalflow,pial,4272,653677,205826_lh_pial_Df2.pial_converted-cut.stl
25,corticalflow,pial,1452,650254,206222_lh_pial_Df2.pial_converted-cut.stl
26,corticalflow,pial,765,648408,207123_lh_pial_Df2.pial_converted-cut.stl
27,corticalflow,pial,534,653959,207426_lh_pial_Df2.pial_converted-cut.stl
28,corticalflow,pial,1379,658638,207628_lh_pial_Df2.pial_converted-cut.stl
29,corticalflow,pial,4729,653455,208024_lh_pial_Df2.pial_converted-cut.stl
30,corticalflow,pial,2858,641770,208125_lh_pial_Df2.pial_converted-cut.stl
31,corticalflow,pial,2416,636582,208226_lh_pial_Df2.pial_converted-cut.stl
32,corticalflow,pial,2190,661445,208327_lh_pial_Df2.pial_converted-cut.stl
33,corticalflow,pial,2584,643746,208428_lh_pial_Df2.pial_converted-cut.stl
34,corticalflow,pial,2622,657447,209127_lh_pial_Df2.pial_converted-cut.stl
35,corticalflow,pial,2560,636171,209228_lh_pial_Df2.pial_converted-cut.stl
36,corticalflow,pial,4776,668257,209329_lh_pial_Df2.pial_converted-cut.stl
37,corticalflow,pial,3236,648388,209834_lh_pial_Df2.pial_converted-cut.stl
38,corticalflow,pial,229,656685,209935_lh_pial_Df2.pial_converted-cut.stl
39,corticalflow,pial,2677,659766,210011_lh_pial_Df2.pial_converted-cut.stl
40,corticalflow,pial,3883,651220,210415_lh_pial_Df2.pial_converted-cut.stl
41,corticalflow,pial,1826,652915,210617_lh_pial_Df2.pial_converted-cut.stl
42,corticalflow,pial,2856,653329,211114_lh_pial_Df2.pial_converted-cut.stl
43,corticalflow,pial,6502,640818,211215_lh_pial_Df2.pial_converted-cut.stl
44,corticalflow,pial,1249,663421,211316_lh_pial_Df2.pial_converted-cut.stl
45,corticalflow,pial,3484,655941,211417_lh_pial_Df2.pial_converted-cut.stl
46,corticalflow,pial,20642,656134,211720_lh_pial_Df2.pial_converted-cut.stl
47,corticalflow,pial,653,647389,211922_lh_pial_Df2.pial_converted-cut.stl
48,corticalflow,pial,648,636130,212015_lh_pial_Df2.pial_converted-cut.stl
49,corticalflow,pial,932,641452,212116_lh_pial_Df2.pial_converted-cut.stl
50,corticalflow,pial,946,649538,212217_lh_pial_Df2.pial_converted-cut.stl
51,corticalflow,pial,897,643351,212318_lh_pial_Df2.pial_converted-cut.stl
52,corticalflow,pial,5087,650629,212419_lh_pial_Df2.pial_converted-cut.stl
53,corticalflow,pial,1148,647756,212823_lh_pial_Df2.pial_converted-cut.stl
54,corticalflow,pial,6484,651315,213421_lh_pial_Df2.pial_converted-cut.stl
55,corticalflow,pial,1412,657032,214019_lh_pial_Df2.pial_converted-cut.stl
56,corticalflow,pial,3908,652283,214221_lh_pial_Df2.pial_converted-cut.stl
57,corticalflow,pial,2060,642478,214423_lh_pial_Df2.pial_converted-cut.stl
58,corticalflow,pial,3183,673090,214524_lh_pial_Df2.pial_converted-cut.stl
59,corticalflow,pial,6525,646645,214625_lh_pial_Df2.pial_converted-cut.stl
60,corticalflow,pial,550,646545,214726_lh_pial_Df2.pial_converted-cut.stl
61,corticalflow,pial,2984,661730,217126_lh_pial_Df2.pial_converted-cut.stl
62,corticalflow,pial,6114,633009,217429_lh_pial_Df2.pial_converted-cut.stl
63,corticalflow,pial,115,648827,220721_lh_pial_Df2.pial_converted-cut.stl
64,corticalflow,pial,10303,647178,221218_lh_pial_Df2.pial_converted-cut.stl
65,corticalflow,pial,1532,638396,221319_lh_pial_Df2.pial_converted-cut.stl
66,corticalflow,pial,2036,646087,223929_lh_pial_Df2.pial_converted-cut.stl
67,corticalflow,pial,513,651494,224022_lh_pial_Df2.pial_converted-cut.stl
68,corticalflow,pial,827,637096,227432_lh_pial_Df2.pial_converted-cut.stl
69,corticalflow,pial,2124,647446,228434_lh_pial_Df2.pial_converted-cut.stl
70,corticalflow,pial,5660,646820,231928_lh_pial_Df2.pial_converted-cut.stl
71,corticalflow,pial,1448,650884,233326_lh_pial_Df2.pial_converted-cut.stl
72,corticalflow,pial,956,639492,236130_lh_pial_Df2.pial_converted-cut.stl
73,corticalflow,pial,5021,657105,237334_lh_pial_Df2.pial_converted-cut.stl
74,corticalflow,pial,2217,635469,239944_lh_pial_Df2.pial_converted-cut.stl
75,corticalflow,pial,1158,643458,245333_lh_pial_Df2.pial_converted-cut.stl
76,corticalflow,pial,2504,642389,246133_lh_pial_Df2.pial_converted-cut.stl
77,corticalflow,pial,2041,643711,248339_lh_pial_Df2.pial_converted-cut.stl
78,corticalflow,pial,7319,638256,249947_lh_pial_Df2.pial_converted-cut.stl
79,corticalflow,pial,8892,657158,250427_lh_pial_Df2.pial_converted-cut.stl
80,corticalflow,pial,5303,651472,250932_lh_pial_Df2.pial_converted-cut.stl
81,corticalflow,pial,754,636464,251833_lh_pial_Df2.pial_converted-cut.stl
82,corticalflow,pial,1392,649461,255639_lh_pial_Df2.pial_converted-cut.stl
83,corticalflow,pial,6782,644356,256540_lh_pial_Df2.pial_converted-cut.stl
84,corticalflow,pial,4228,633465,257542_lh_pial_Df2.pial_converted-cut.stl
85,corticalflow,pial,1014,647285,257845_lh_pial_Df2.pial_converted-cut.stl
86,corticalflow,pial,8623,656881,263436_lh_pial_Df2.pial_converted-cut.stl
87,corticalflow,pial,2043,644633,268749_lh_pial_Df2.pial_converted-cut.stl
88,corticalflow,pial,1141,639665,268850_lh_pial_Df2.pial_converted-cut.stl
89,corticalflow,pial,1806,643720,270332_lh_pial_Df2.pial_converted-cut.stl
90,corticalflow,pial,566,641101,275645_lh_pial_Df2.pial_converted-cut.stl
91,corticalflow,pial,363,650142,280739_lh_pial_Df2.pial_converted-cut.stl
92,corticalflow,pial,3114,649048,280941_lh_pial_Df2.pial_converted-cut.stl
93,corticalflow,pial,4590,648303,283543_lh_pial_Df2.pial_converted-cut.stl
94,corticalflow,pial,294,664060,284646_lh_pial_Df2.pial_converted-cut.stl
95,corticalflow,pial,1157,639432,285345_lh_pial_Df2.pial_converted-cut.stl
96,corticalflow,pial,3601,630878,285446_lh_pial_Df2.pial_converted-cut.stl
97,corticalflow,pial,895,653077,286650_lh_pial_Df2.pial_converted-cut.stl
98,corticalflow,pial,1337,644465,287248_lh_pial_Df2.pial_converted-cut.stl
99,corticalflow,pial,1962,660264,289555_lh_pial_Df2.pial_converted-cut.stl
100,corticalflow,pial,7741,656836,290136_lh_pial_Df2.pial_converted-cut.stl
101,corticalflow,pial,1538,661455,293748_lh_pial_Df2.pial_converted-cut.stl
102,corticalflow,pial,3854,645510,295146_lh_pial_Df2.pial_converted-cut.stl
103,corticalflow,pial,311,647584,297655_lh_pial_Df2.pial_converted-cut.stl
104,corticalflow,pial,1855,648100,298051_lh_pial_Df2.pial_converted-cut.stl
105,corticalflow,pial,605,650795,298455_lh_pial_Df2.pial_converted-cut.stl
106,corticalflow,pial,6669,654807,299154_lh_pial_Df2.pial_converted-cut.stl
0,corticalflow,white,1900,653595,200008_lh_white_Df2.white_converted-cut.stl
1,corticalflow,white,702,653216,200109_lh_white_Df2.white_converted-cut.stl
2,corticalflow,white,681,666560,200210_lh_white_Df2.white_converted-cut.stl
3,corticalflow,white,784,660108,200311_lh_white_Df2.white_converted-cut.stl
4,corticalflow,white,1656,645357,200614_lh_white_Df2.white_converted-cut.stl
5,corticalflow,white,4101,658507,200917_lh_white_Df2.white_converted-cut.stl
6,corticalflow,white,17,663974,201111_lh_white_Df2.white_converted-cut.stl
7,corticalflow,white,1270,656270,201414_lh_white_Df2.white_converted-cut.stl
8,corticalflow,white,2406,660524,201515_lh_white_Df2.white_converted-cut.stl
9,corticalflow,white,680,647133,201717_lh_white_Df2.white_converted-cut.stl
10,corticalflow,white,868,677546,201818_lh_white_Df2.white_converted-cut.stl
11,corticalflow,white,3397,654140,202113_lh_white_Df2.white_converted-cut.stl
12,corticalflow,white,968,674679,202719_lh_white_Df2.white_converted-cut.stl
13,corticalflow,white,2526,656903,203418_lh_white_Df2.white_converted-cut.stl
14,corticalflow,white,976,656663,203721_lh_white_Df2.white_converted-cut.stl
15,corticalflow,white,3318,644934,203923_lh_white_Df2.white_converted-cut.stl
16,corticalflow,white,2562,660193,204016_lh_white_Df2.white_converted-cut.stl
17,corticalflow,white,716,663187,204319_lh_white_Df2.white_converted-cut.stl
18,corticalflow,white,488,664525,204420_lh_white_Df2.white_converted-cut.stl
19,corticalflow,white,61,656691,204521_lh_white_Df2.white_converted-cut.stl
20,corticalflow,white,324,649451,204622_lh_white_Df2.white_converted-cut.stl
21,corticalflow,white,33,662321,205119_lh_white_Df2.white_converted-cut.stl
22,corticalflow,white,20,662924,205220_lh_white_Df2.white_converted-cut.stl
23,corticalflow,white,2500,674072,205725_lh_white_Df2.white_converted-cut.stl
24,corticalflow,white,517,664215,205826_lh_white_Df2.white_converted-cut.stl
25,corticalflow,white,142,658382,206222_lh_white_Df2.white_converted-cut.stl
26,corticalflow,white,223,659027,207123_lh_white_Df2.white_converted-cut.stl
27,corticalflow,white,138,662457,207426_lh_white_Df2.white_converted-cut.stl
28,corticalflow,white,100,665679,207628_lh_white_Df2.white_converted-cut.stl
29,corticalflow,white,1812,661149,208024_lh_white_Df2.white_converted-cut.stl
30,corticalflow,white,1149,649940,208125_lh_white_Df2.white_converted-cut.stl
31,corticalflow,white,863,645731,208226_lh_white_Df2.white_converted-cut.stl
32,corticalflow,white,643,668416,208327_lh_white_Df2.white_converted-cut.stl
33,corticalflow,white,597,655653,208428_lh_white_Df2.white_converted-cut.stl
34,corticalflow,white,801,665504,209127_lh_white_Df2.white_converted-cut.stl
35,corticalflow,white,869,644028,209228_lh_white_Df2.white_converted-cut.stl
36,corticalflow,white,1256,668196,209329_lh_white_Df2.white_converted-cut.stl
37,corticalflow,white,1126,661209,209834_lh_white_Df2.white_converted-cut.stl
38,corticalflow,white,46,666486,209935_lh_white_Df2.white_converted-cut.stl
39,corticalflow,white,726,663685,210011_lh_white_Df2.white_converted-cut.stl
40,corticalflow,white,543,657261,210415_lh_white_Df2.white_converted-cut.stl
41,corticalflow,white,185,660884,210617_lh_white_Df2.white_converted-cut.stl
42,corticalflow,white,955,655684,211114_lh_white_Df2.white_converted-cut.stl
43,corticalflow,white,1969,652154,211215_lh_white_Df2.white_converted-cut.stl
44,corticalflow,white,327,665889,211316_lh_white_Df2.white_converted-cut.stl
45,corticalflow,white,679,667256,211417_lh_white_Df2.white_converted-cut.stl
46,corticalflow,white,17479,660116,211720_lh_white_Df2.white_converted-cut.stl
47,corticalflow,white,43,655502,211922_lh_white_Df2.white_converted-cut.stl
48,corticalflow,white,59,644309,212015_lh_white_Df2.white_converted-cut.stl
49,corticalflow,white,438,654456,212116_lh_white_Df2.white_converted-cut.stl
50,corticalflow,white,56,657985,212217_lh_white_Df2.white_converted-cut.stl
51,corticalflow,white,569,653834,212318_lh_white_Df2.white_converted-cut.stl
52,corticalflow,white,2832,650989,212419_lh_white_Df2.white_converted-cut.stl
53,corticalflow,white,482,666617,212823_lh_white_Df2.white_converted-cut.stl
54,corticalflow,white,3511,656055,213421_lh_white_Df2.white_converted-cut.stl
55,corticalflow,white,632,666100,214019_lh_white_Df2.white_converted-cut.stl
56,corticalflow,white,1493,654581,214221_lh_white_Df2.white_converted-cut.stl
57,corticalflow,white,1037,648517,214423_lh_white_Df2.white_converted-cut.stl
58,corticalflow,white,588,679619,214524_lh_white_Df2.white_converted-cut.stl
59,corticalflow,white,615,654993,214625_lh_white_Df2.white_converted-cut.stl
60,corticalflow,white,12,659257,214726_lh_white_Df2.white_converted-cut.stl
61,corticalflow,white,1752,658532,217126_lh_white_Df2.white_converted-cut.stl
62,corticalflow,white,1062,637094,217429_lh_white_Df2.white_converted-cut.stl
63,corticalflow,white,5,654879,220721_lh_white_Df2.white_converted-cut.stl
64,corticalflow,white,5065,658846,221218_lh_white_Df2.white_converted-cut.stl
65,corticalflow,white,378,648666,221319_lh_white_Df2.white_converted-cut.stl
66,corticalflow,white,170,649232,223929_lh_white_Df2.white_converted-cut.stl
67,corticalflow,white,146,663817,224022_lh_white_Df2.white_converted-cut.stl
68,corticalflow,white,311,656631,227432_lh_white_Df2.white_converted-cut.stl
69,corticalflow,white,1446,664648,228434_lh_white_Df2.white_converted-cut.stl
70,corticalflow,white,2074,657029,231928_lh_white_Df2.white_converted-cut.stl
71,corticalflow,white,378,659064,233326_lh_white_Df2.white_converted-cut.stl
72,corticalflow,white,89,643727,236130_lh_white_Df2.white_converted-cut.stl
73,corticalflow,white,2180,663511,237334_lh_white_Df2.white_converted-cut.stl
74,corticalflow,white,699,649122,239944_lh_white_Df2.white_converted-cut.stl
75,corticalflow,white,223,655747,245333_lh_white_Df2.white_converted-cut.stl
76,corticalflow,white,1230,650166,246133_lh_white_Df2.white_converted-cut.stl
77,corticalflow,white,568,649506,248339_lh_white_Df2.white_converted-cut.stl
78,corticalflow,white,2947,639304,249947_lh_white_Df2.white_converted-cut.stl
79,corticalflow,white,1071,659686,250427_lh_white_Df2.white_converted-cut.stl
80,corticalflow,white,2525,660866,250932_lh_white_Df2.white_converted-cut.stl
81,corticalflow,white,95,641020,251833_lh_white_Df2.white_converted-cut.stl
82,corticalflow,white,514,654998,255639_lh_white_Df2.white_converted-cut.stl
83,corticalflow,white,2087,651452,256540_lh_white_Df2.white_converted-cut.stl
84,corticalflow,white,1755,642874,257542_lh_white_Df2.white_converted-cut.stl
85,corticalflow,white,245,659425,257845_lh_white_Df2.white_converted-cut.stl
86,corticalflow,white,2429,663173,263436_lh_white_Df2.white_converted-cut.stl
87,corticalflow,white,286,652640,268749_lh_white_Df2.white_converted-cut.stl
88,corticalflow,white,775,653844,268850_lh_white_Df2.white_converted-cut.stl
89,corticalflow,white,223,652350,270332_lh_white_Df2.white_converted-cut.stl
90,corticalflow,white,70,661933,275645_lh_white_Df2.white_converted-cut.stl
91,corticalflow,white,58,655619,280739_lh_white_Df2.white_converted-cut.stl
92,corticalflow,white,1203,657392,280941_lh_white_Df2.white_converted-cut.stl
93,corticalflow,white,1031,660435,283543_lh_white_Df2.white_converted-cut.stl
94,corticalflow,white,2,667630,284646_lh_white_Df2.white_converted-cut.stl
95,corticalflow,white,222,654102,285345_lh_white_Df2.white_converted-cut.stl
96,corticalflow,white,662,637352,285446_lh_white_Df2.white_converted-cut.stl
97,corticalflow,white,171,660063,286650_lh_white_Df2.white_converted-cut.stl
98,corticalflow,white,102,650104,287248_lh_white_Df2.white_converted-cut.stl
99,corticalflow,white,458,671565,289555_lh_white_Df2.white_converted-cut.stl
100,corticalflow,white,1000,663920,290136_lh_white_Df2.white_converted-cut.stl
101,corticalflow,white,454,669197,293748_lh_white_Df2.white_converted-cut.stl
102,corticalflow,white,898,656962,295146_lh_white_Df2.white_converted-cut.stl
103,corticalflow,white,119,651387,297655_lh_white_Df2.white_converted-cut.stl
104,corticalflow,white,187,654642,298051_lh_white_Df2.white_converted-cut.stl
105,corticalflow,white,112,658230,298455_lh_white_Df2.white_converted-cut.stl
106,corticalflow,white,3968,659716,299154_lh_white_Df2.white_converted-cut.stl
0,deepcsr,pial,0,275306,200008_lh_pial-cut.stl
1,deepcsr,pial,0,313024,200109_lh_pial-cut.stl
2,deepcsr,pial,1,361848,200210_lh_pial-cut.stl
3,deepcsr,pial,0,352485,200311_lh_pial-cut.stl
4,deepcsr,pial,0,326244,200614_lh_pial-cut.stl
5,deepcsr,pial,0,291457,200917_lh_pial-cut.stl
6,deepcsr,pial,3,310686,201111_lh_pial-cut.stl
7,deepcsr,pial,0,362010,201414_lh_pial-cut.stl
8,deepcsr,pial,0,332624,201515_lh_pial-cut.stl
9,deepcsr,pial,0,296169,201717_lh_pial-cut.stl
10,deepcsr,pial,0,321768,201818_lh_pial-cut.stl
11,deepcsr,pial,0,319797,202113_lh_pial-cut.stl
12,deepcsr,pial,0,359739,202719_lh_pial-cut.stl
13,deepcsr,pial,0,350590,203418_lh_pial-cut.stl
14,deepcsr,pial,0,256743,203721_lh_pial-cut.stl
15,deepcsr,pial,0,290621,203923_lh_pial-cut.stl
16,deepcsr,pial,0,353226,204016_lh_pial-cut.stl
17,deepcsr,pial,0,330671,204319_lh_pial-cut.stl
18,deepcsr,pial,0,312859,204420_lh_pial-cut.stl
19,deepcsr,pial,0,292117,204521_lh_pial-cut.stl
20,deepcsr,pial,0,357053,204622_lh_pial-cut.stl
21,deepcsr,pial,0,308962,205119_lh_pial-cut.stl
22,deepcsr,pial,0,316623,205220_lh_pial-cut.stl
23,deepcsr,pial,0,363983,205725_lh_pial-cut.stl
24,deepcsr,pial,0,348186,205826_lh_pial-cut.stl
25,deepcsr,pial,0,321392,206222_lh_pial-cut.stl
26,deepcsr,pial,0,358694,207123_lh_pial-cut.stl
27,deepcsr,pial,0,289974,207426_lh_pial-cut.stl
28,deepcsr,pial,0,293425,207628_lh_pial-cut.stl
29,deepcsr,pial,0,312902,208024_lh_pial-cut.stl
30,deepcsr,pial,0,349213,208125_lh_pial-cut.stl
31,deepcsr,pial,0,335245,208226_lh_pial-cut.stl
32,deepcsr,pial,0,402106,208327_lh_pial-cut.stl
33,deepcsr,pial,0,240754,208428_lh_pial-cut.stl
34,deepcsr,pial,0,303599,209127_lh_pial-cut.stl
35,deepcsr,pial,0,327303,209228_lh_pial-cut.stl
36,deepcsr,pial,0,298048,209329_lh_pial-cut.stl
37,deepcsr,pial,0,256540,209834_lh_pial-cut.stl
38,deepcsr,pial,0,350795,209935_lh_pial-cut.stl
39,deepcsr,pial,0,381894,210011_lh_pial-cut.stl
40,deepcsr,pial,0,305692,210415_lh_pial-cut.stl
41,deepcsr,pial,0,381619,210617_lh_pial-cut.stl
42,deepcsr,pial,0,277948,211114_lh_pial-cut.stl
43,deepcsr,pial,0,351205,211215_lh_pial-cut.stl
44,deepcsr,pial,0,323108,211316_lh_pial-cut.stl
45,deepcsr,pial,0,348927,211417_lh_pial-cut.stl
46,deepcsr,pial,1,312923,211720_lh_pial-cut.stl
47,deepcsr,pial,0,319621,211922_lh_pial-cut.stl
48,deepcsr,pial,0,315529,212015_lh_pial-cut.stl
49,deepcsr,pial,1,343070,212116_lh_pial-cut.stl
50,deepcsr,pial,0,316738,212217_lh_pial-cut.stl
51,deepcsr,pial,0,343264,212318_lh_pial-cut.stl
52,deepcsr,pial,0,302571,212419_lh_pial-cut.stl
53,deepcsr,pial,0,372173,212823_lh_pial-cut.stl
54,deepcsr,pial,0,314871,213421_lh_pial-cut.stl
55,deepcsr,pial,0,339125,214019_lh_pial-cut.stl
56,deepcsr,pial,0,316149,214221_lh_pial-cut.stl
57,deepcsr,pial,0,303708,214423_lh_pial-cut.stl
58,deepcsr,pial,0,358595,214524_lh_pial-cut.stl
59,deepcsr,pial,0,359143,214625_lh_pial-cut.stl
60,deepcsr,pial,0,354807,214726_lh_pial-cut.stl
61,deepcsr,pial,0,325822,217126_lh_pial-cut.stl
62,deepcsr,pial,0,304217,217429_lh_pial-cut.stl
63,deepcsr,pial,0,386413,220721_lh_pial-cut.stl
64,deepcsr,pial,0,275513,221218_lh_pial-cut.stl
65,deepcsr,pial,0,319636,221319_lh_pial-cut.stl
66,deepcsr,pial,0,325437,223929_lh_pial-cut.stl
67,deepcsr,pial,0,291630,224022_lh_pial-cut.stl
68,deepcsr,pial,0,361490,227432_lh_pial-cut.stl
69,deepcsr,pial,0,344053,228434_lh_pial-cut.stl
70,deepcsr,pial,0,310266,231928_lh_pial-cut.stl
71,deepcsr,pial,0,340943,233326_lh_pial-cut.stl
72,deepcsr,pial,0,321856,236130_lh_pial-cut.stl
73,deepcsr,pial,0,348716,237334_lh_pial-cut.stl
74,deepcsr,pial,0,344971,239944_lh_pial-cut.stl
75,deepcsr,pial,0,332703,245333_lh_pial-cut.stl
76,deepcsr,pial,1,307051,246133_lh_pial-cut.stl
77,deepcsr,pial,0,351000,248339_lh_pial-cut.stl
78,deepcsr,pial,0,315371,249947_lh_pial-cut.stl
79,deepcsr,pial,0,355965,250427_lh_pial-cut.stl
80,deepcsr,pial,0,306728,250932_lh_pial-cut.stl
81,deepcsr,pial,0,371332,251833_lh_pial-cut.stl
82,deepcsr,pial,0,362503,255639_lh_pial-cut.stl
83,deepcsr,pial,0,297640,256540_lh_pial-cut.stl
84,deepcsr,pial,0,305873,257542_lh_pial-cut.stl
85,deepcsr,pial,0,403526,257845_lh_pial-cut.stl
86,deepcsr,pial,0,354204,263436_lh_pial-cut.stl
87,deepcsr,pial,0,305848,268749_lh_pial-cut.stl
88,deepcsr,pial,0,321485,268850_lh_pial-cut.stl
89,deepcsr,pial,0,354698,270332_lh_pial-cut.stl
90,deepcsr,pial,0,334459,275645_lh_pial-cut.stl
91,deepcsr,pial,0,330518,280739_lh_pial-cut.stl
92,deepcsr,pial,0,346806,280941_lh_pial-cut.stl
93,deepcsr,pial,0,390633,283543_lh_pial-cut.stl
94,deepcsr,pial,0,301310,284646_lh_pial-cut.stl
95,deepcsr,pial,1,323408,285345_lh_pial-cut.stl
96,deepcsr,pial,0,378908,285446_lh_pial-cut.stl
97,deepcsr,pial,0,329752,286650_lh_pial-cut.stl
98,deepcsr,pial,0,325991,287248_lh_pial-cut.stl
99,deepcsr,pial,0,311622,289555_lh_pial-cut.stl
100,deepcsr,pial,0,340707,290136_lh_pial-cut.stl
101,deepcsr,pial,0,340039,293748_lh_pial-cut.stl
102,deepcsr,pial,4,264623,295146_lh_pial-cut.stl
103,deepcsr,pial,0,309518,297655_lh_pial-cut.stl
104,deepcsr,pial,0,392745,298051_lh_pial-cut.stl
105,deepcsr,pial,0,370600,298455_lh_pial-cut.stl
106,deepcsr,pial,0,319703,299154_lh_pial-cut.stl
0,deepcsr,white,0,394647,200008_lh_white-cut.stl
1,deepcsr,white,0,409595,200109_lh_white-cut.stl
2,deepcsr,white,0,409081,200210_lh_white-cut.stl
3,deepcsr,white,0,376589,200311_lh_white-cut.stl
4,deepcsr,white,2,389016,200614_lh_white-cut.stl
5,deepcsr,white,0,383172,200917_lh_white-cut.stl
6,deepcsr,white,0,369409,201111_lh_white-cut.stl
7,deepcsr,white,0,376211,201414_lh_white-cut.stl
8,deepcsr,white,0,400246,201515_lh_white-cut.stl
9,deepcsr,white,0,394212,201717_lh_white-cut.stl
10,deepcsr,white,0,382038,201818_lh_white-cut.stl
11,deepcsr,white,0,422035,202113_lh_white-cut.stl
12,deepcsr,white,0,397767,202719_lh_white-cut.stl
13,deepcsr,white,0,382339,203418_lh_white-cut.stl
14,deepcsr,white,0,388147,203721_lh_white-cut.stl
15,deepcsr,white,0,396642,203923_lh_white-cut.stl
16,deepcsr,white,0,407090,204016_lh_white-cut.stl
17,deepcsr,white,0,422434,204319_lh_white-cut.stl
18,deepcsr,white,0,367690,204420_lh_white-cut.stl
19,deepcsr,white,0,353635,204521_lh_white-cut.stl
20,deepcsr,white,0,383925,204622_lh_white-cut.stl
21,deepcsr,white,0,367450,205119_lh_white-cut.stl
22,deepcsr,white,0,391006,205220_lh_white-cut.stl
23,deepcsr,white,0,365165,205725_lh_white-cut.stl
24,deepcsr,white,0,365122,205826_lh_white-cut.stl
25,deepcsr,white,0,401055,206222_lh_white-cut.stl
26,deepcsr,white,4,385496,207123_lh_white-cut.stl
27,deepcsr,white,0,367741,207426_lh_white-cut.stl
28,deepcsr,white,0,400631,207628_lh_white-cut.stl
29,deepcsr,white,0,366966,208024_lh_white-cut.stl
30,deepcsr,white,0,387769,208125_lh_white-cut.stl
31,deepcsr,white,1,381032,208226_lh_white-cut.stl
32,deepcsr,white,0,418162,208327_lh_white-cut.stl
33,deepcsr,white,0,353211,208428_lh_white-cut.stl
34,deepcsr,white,0,388359,209127_lh_white-cut.stl
35,deepcsr,white,0,374628,209228_lh_white-cut.stl
36,deepcsr,white,0,388867,209329_lh_white-cut.stl
37,deepcsr,white,0,394285,209834_lh_white-cut.stl
38,deepcsr,white,0,360659,209935_lh_white-cut.stl
39,deepcsr,white,0,388124,210011_lh_white-cut.stl
40,deepcsr,white,0,380481,210415_lh_white-cut.stl
41,deepcsr,white,1,416681,210617_lh_white-cut.stl
42,deepcsr,white,0,386730,211114_lh_white-cut.stl
43,deepcsr,white,1,411377,211215_lh_white-cut.stl
44,deepcsr,white,0,362537,211316_lh_white-cut.stl
45,deepcsr,white,0,392940,211417_lh_white-cut.stl
46,deepcsr,white,0,408307,211720_lh_white-cut.stl
47,deepcsr,white,0,401002,211922_lh_white-cut.stl
48,deepcsr,white,0,372073,212015_lh_white-cut.stl
49,deepcsr,white,0,395783,212116_lh_white-cut.stl
50,deepcsr,white,0,383289,212217_lh_white-cut.stl
51,deepcsr,white,0,359825,212318_lh_white-cut.stl
52,deepcsr,white,1,394448,212419_lh_white-cut.stl
53,deepcsr,white,0,380591,212823_lh_white-cut.stl
54,deepcsr,white,0,392861,213421_lh_white-cut.stl
55,deepcsr,white,1,380307,214019_lh_white-cut.stl
56,deepcsr,white,1,375912,214221_lh_white-cut.stl
57,deepcsr,white,0,411333,214423_lh_white-cut.stl
58,deepcsr,white,0,379726,214524_lh_white-cut.stl
59,deepcsr,white,1,397408,214625_lh_white-cut.stl
60,deepcsr,white,0,384989,214726_lh_white-cut.stl
61,deepcsr,white,0,361979,217126_lh_white-cut.stl
62,deepcsr,white,0,372443,217429_lh_white-cut.stl
63,deepcsr,white,0,370506,220721_lh_white-cut.stl
64,deepcsr,white,0,388059,221218_lh_white-cut.stl
65,deepcsr,white,0,358401,221319_lh_white-cut.stl
66,deepcsr,white,0,432564,223929_lh_white-cut.stl
67,deepcsr,white,0,362678,224022_lh_white-cut.stl
68,deepcsr,white,1,364128,227432_lh_white-cut.stl
69,deepcsr,white,0,384635,228434_lh_white-cut.stl
70,deepcsr,white,0,374345,231928_lh_white-cut.stl
71,deepcsr,white,0,394065,233326_lh_white-cut.stl
72,deepcsr,white,0,400751,236130_lh_white-cut.stl
73,deepcsr,white,0,376844,237334_lh_white-cut.stl
74,deepcsr,white,0,391952,239944_lh_white-cut.stl
75,deepcsr,white,1,378256,245333_lh_white-cut.stl
76,deepcsr,white,1,389461,246133_lh_white-cut.stl
77,deepcsr,white,0,391997,248339_lh_white-cut.stl
78,deepcsr,white,0,405282,249947_lh_white-cut.stl
79,deepcsr,white,0,396083,250427_lh_white-cut.stl
80,deepcsr,white,0,400986,250932_lh_white-cut.stl
81,deepcsr,white,0,386767,251833_lh_white-cut.stl
82,deepcsr,white,0,379877,255639_lh_white-cut.stl
83,deepcsr,white,0,375413,256540_lh_white-cut.stl
84,deepcsr,white,0,386397,257542_lh_white-cut.stl
85,deepcsr,white,0,391142,257845_lh_white-cut.stl
86,deepcsr,white,0,410053,263436_lh_white-cut.stl
87,deepcsr,white,0,415357,268749_lh_white-cut.stl
88,deepcsr,white,0,402659,268850_lh_white-cut.stl
89,deepcsr,white,0,399408,270332_lh_white-cut.stl
90,deepcsr,white,0,395383,275645_lh_white-cut.stl
91,deepcsr,white,0,371057,280739_lh_white-cut.stl
92,deepcsr,white,0,382231,280941_lh_white-cut.stl
93,deepcsr,white,0,393212,283543_lh_white-cut.stl
94,deepcsr,white,0,367717,284646_lh_white-cut.stl
95,deepcsr,white,0,379686,285345_lh_white-cut.stl
96,deepcsr,white,0,382569,285446_lh_white-cut.stl
97,deepcsr,white,0,386439,286650_lh_white-cut.stl
98,deepcsr,white,2,384218,287248_lh_white-cut.stl
99,deepcsr,white,0,367761,289555_lh_white-cut.stl
100,deepcsr,white,0,384676,290136_lh_white-cut.stl
101,deepcsr,white,0,356843,293748_lh_white-cut.stl
102,deepcsr,white,0,370593,295146_lh_white-cut.stl
103,deepcsr,white,0,352053,297655_lh_white-cut.stl
104,deepcsr,white,0,397195,298051_lh_white-cut.stl
105,deepcsr,white,0,380447,298455_lh_white-cut.stl
106,deepcsr,white,0,422982,299154_lh_white-cut.stl
0,topofit,white,250,295076,200008_lh.white.topofit_converted-cut.stl
1,topofit,white,0,294569,200109_lh.white.topofit_converted-cut.stl
2,topofit,white,88,299374,200210_lh.white.topofit_converted-cut.stl
3,topofit,white,43,297335,200311_lh.white.topofit_converted-cut.stl
4,topofit,white,32,293372,200614_lh.white.topofit_converted-cut.stl
5,topofit,white,58,300302,200917_lh.white.topofit_converted-cut.stl
6,topofit,white,97,296339,201111_lh.white.topofit_converted-cut.stl
7,topofit,white,15,295689,201414_lh.white.topofit_converted-cut.stl
8,topofit,white,1,298385,201515_lh.white.topofit_converted-cut.stl
9,topofit,white,1,292084,201717_lh.white.topofit_converted-cut.stl
10,topofit,white,26,302537,201818_lh.white.topofit_converted-cut.stl
11,topofit,white,56,294459,202113_lh.white.topofit_converted-cut.stl
12,topofit,white,8,299545,202719_lh.white.topofit_converted-cut.stl
13,topofit,white,5,294104,203418_lh.white.topofit_converted-cut.stl
14,topofit,white,18,293295,203721_lh.white.topofit_converted-cut.stl
15,topofit,white,156,293818,203923_lh.white.topofit_converted-cut.stl
16,topofit,white,31,295526,204016_lh.white.topofit_converted-cut.stl
17,topofit,white,18,296219,204319_lh.white.topofit_converted-cut.stl
18,topofit,white,3,296882,204420_lh.white.topofit_converted-cut.stl
19,topofit,white,0,295201,204521_lh.white.topofit_converted-cut.stl
20,topofit,white,0,294371,204622_lh.white.topofit_converted-cut.stl
21,topofit,white,0,296479,205119_lh.white.topofit_converted-cut.stl
22,topofit,white,62,297801,205220_lh.white.topofit_converted-cut.stl
23,topofit,white,0,302146,205725_lh.white.topofit_converted-cut.stl
24,topofit,white,314,298215,205826_lh.white.topofit_converted-cut.stl
25,topofit,white,22,296568,206222_lh.white.topofit_converted-cut.stl
26,topofit,white,0,298088,207123_lh.white.topofit_converted-cut.stl
27,topofit,white,12,295771,207426_lh.white.topofit_converted-cut.stl
28,topofit,white,420,299584,207628_lh.white.topofit_converted-cut.stl
29,topofit,white,79,296864,208024_lh.white.topofit_converted-cut.stl
30,topofit,white,69,293820,208125_lh.white.topofit_converted-cut.stl
31,topofit,white,3,294366,208226_lh.white.topofit_converted-cut.stl
32,topofit,white,17,298960,208327_lh.white.topofit_converted-cut.stl
33,topofit,white,53,296280,208428_lh.white.topofit_converted-cut.stl
34,topofit,white,6,298811,209127_lh.white.topofit_converted-cut.stl
35,topofit,white,6,291615,209228_lh.white.topofit_converted-cut.stl
36,topofit,white,0,296508,209329_lh.white.topofit_converted-cut.stl
37,topofit,white,173,298363,209834_lh.white.topofit_converted-cut.stl
38,topofit,white,7,300246,209935_lh.white.topofit_converted-cut.stl
39,topofit,white,2,298915,210011_lh.white.topofit_converted-cut.stl
40,topofit,white,55,294558,210415_lh.white.topofit_converted-cut.stl
41,topofit,white,111,297005,210617_lh.white.topofit_converted-cut.stl
42,topofit,white,51,294555,211114_lh.white.topofit_converted-cut.stl
43,topofit,white,4,292557,211215_lh.white.topofit_converted-cut.stl
44,topofit,white,0,297269,211316_lh.white.topofit_converted-cut.stl
45,topofit,white,41,299106,211417_lh.white.topofit_converted-cut.stl
46,topofit,white,200,296728,211720_lh.white.topofit_converted-cut.stl
47,topofit,white,3,296371,211922_lh.white.topofit_converted-cut.stl
48,topofit,white,63,292891,212015_lh.white.topofit_converted-cut.stl
49,topofit,white,162,296330,212116_lh.white.topofit_converted-cut.stl
50,topofit,white,320,295735,212217_lh.white.topofit_converted-cut.stl
51,topofit,white,12,293564,212318_lh.white.topofit_converted-cut.stl
52,topofit,white,453,292815,212419_lh.white.topofit_converted-cut.stl
53,topofit,white,4,299774,212823_lh.white.topofit_converted-cut.stl
54,topofit,white,0,295894,213421_lh.white.topofit_converted-cut.stl
55,topofit,white,14,297697,214019_lh.white.topofit_converted-cut.stl
56,topofit,white,0,292245,214221_lh.white.topofit_converted-cut.stl
57,topofit,white,416,293791,214423_lh.white.topofit_converted-cut.stl
58,topofit,white,0,300516,214524_lh.white.topofit_converted-cut.stl
59,topofit,white,159,298240,214625_lh.white.topofit_converted-cut.stl
60,topofit,white,16,297616,214726_lh.white.topofit_converted-cut.stl
61,topofit,white,0,295435,217126_lh.white.topofit_converted-cut.stl
62,topofit,white,2,291988,217429_lh.white.topofit_converted-cut.stl
63,topofit,white,59,293712,220721_lh.white.topofit_converted-cut.stl
64,topofit,white,114,294128,221218_lh.white.topofit_converted-cut.stl
65,topofit,white,3,294754,221319_lh.white.topofit_converted-cut.stl
66,topofit,white,8,294955,223929_lh.white.topofit_converted-cut.stl
67,topofit,white,7,295963,224022_lh.white.topofit_converted-cut.stl
68,topofit,white,26,296889,227432_lh.white.topofit_converted-cut.stl
69,topofit,white,0,299031,228434_lh.white.topofit_converted-cut.stl
70,topofit,white,22,295928,231928_lh.white.topofit_converted-cut.stl
71,topofit,white,0,295777,233326_lh.white.topofit_converted-cut.stl
72,topofit,white,1,290385,236130_lh.white.topofit_converted-cut.stl
73,topofit,white,1,297627,237334_lh.white.topofit_converted-cut.stl
74,topofit,white,265,294885,239944_lh.white.topofit_converted-cut.stl
75,topofit,white,208,299484,245333_lh.white.topofit_converted-cut.stl
76,topofit,white,20,294476,246133_lh.white.topofit_converted-cut.stl
77,topofit,white,117,296362,248339_lh.white.topofit_converted-cut.stl
78,topofit,white,8,291344,249947_lh.white.topofit_converted-cut.stl
79,topofit,white,36,298686,250427_lh.white.topofit_converted-cut.stl
80,topofit,white,47,298864,250932_lh.white.topofit_converted-cut.stl
81,topofit,white,29,292527,251833_lh.white.topofit_converted-cut.stl
82,topofit,white,48,294565,255639_lh.white.topofit_converted-cut.stl
83,topofit,white,0,293103,256540_lh.white.topofit_converted-cut.stl
84,topofit,white,22,291224,257542_lh.white.topofit_converted-cut.stl
85,topofit,white,0,296044,257845_lh.white.topofit_converted-cut.stl
86,topofit,white,0,300263,263436_lh.white.topofit_converted-cut.stl
87,topofit,white,0,295384,268749_lh.white.topofit_converted-cut.stl
88,topofit,white,53,294636,268850_lh.white.topofit_converted-cut.stl
89,topofit,white,17,291532,270332_lh.white.topofit_converted-cut.stl
90,topofit,white,18,297136,275645_lh.white.topofit_converted-cut.stl
91,topofit,white,0,296019,280739_lh.white.topofit_converted-cut.stl
92,topofit,white,73,297529,280941_lh.white.topofit_converted-cut.stl
93,topofit,white,41,296410,283543_lh.white.topofit_converted-cut.stl
94,topofit,white,0,299493,284646_lh.white.topofit_converted-cut.stl
95,topofit,white,10,294452,285345_lh.white.topofit_converted-cut.stl
96,topofit,white,0,290114,285446_lh.white.topofit_converted-cut.stl
97,topofit,white,27,295220,286650_lh.white.topofit_converted-cut.stl
98,topofit,white,1,290446,287248_lh.white.topofit_converted-cut.stl
99,topofit,white,3,299304,289555_lh.white.topofit_converted-cut.stl
100,topofit,white,3,297552,290136_lh.white.topofit_converted-cut.stl
101,topofit,white,6,300193,293748_lh.white.topofit_converted-cut.stl
102,topofit,white,0,291820,295146_lh.white.topofit_converted-cut.stl
103,topofit,white,4,291828,297655_lh.white.topofit_converted-cut.stl
104,topofit,white,4,295352,298051_lh.white.topofit_converted-cut.stl
105,topofit,white,2,297196,298455_lh.white.topofit_converted-cut.stl
106,topofit,white,83,295394,299154_lh.white.topofit_converted-cut.stl
0,pialnn,pial,21058,195891,pialnn_mesh_eval_lh_subject0-cut.stl
1,pialnn,pial,28615,204861,pialnn_mesh_eval_lh_subject1-cut.stl
2,pialnn,pial,30428,234269,pialnn_mesh_eval_lh_subject10-cut.stl
3,pialnn,pial,28898,256464,pialnn_mesh_eval_lh_subject100-cut.stl
4,pialnn,pial,23932,287599,pialnn_mesh_eval_lh_subject101-cut.stl
5,pialnn,pial,29004,247251,pialnn_mesh_eval_lh_subject102-cut.stl
6,pialnn,pial,38937,209360,pialnn_mesh_eval_lh_subject103-cut.stl
7,pialnn,pial,18630,213702,pialnn_mesh_eval_lh_subject104-cut.stl
8,pialnn,pial,23362,206790,pialnn_mesh_eval_lh_subject105-cut.stl
9,pialnn,pial,31185,259511,pialnn_mesh_eval_lh_subject106-cut.stl
10,pialnn,pial,22865,208604,pialnn_mesh_eval_lh_subject11-cut.stl
11,pialnn,pial,31571,278053,pialnn_mesh_eval_lh_subject12-cut.stl
12,pialnn,pial,21288,193089,pialnn_mesh_eval_lh_subject13-cut.stl
13,pialnn,pial,48236,269900,pialnn_mesh_eval_lh_subject14-cut.stl
14,pialnn,pial,22932,188933,pialnn_mesh_eval_lh_subject15-cut.stl
15,pialnn,pial,30895,245526,pialnn_mesh_eval_lh_subject16-cut.stl
16,pialnn,pial,22918,226183,pialnn_mesh_eval_lh_subject17-cut.stl
17,pialnn,pial,28398,239361,pialnn_mesh_eval_lh_subject18-cut.stl
18,pialnn,pial,22349,204488,pialnn_mesh_eval_lh_subject19-cut.stl
19,pialnn,pial,34620,237313,pialnn_mesh_eval_lh_subject2-cut.stl
20,pialnn,pial,27049,215101,pialnn_mesh_eval_lh_subject20-cut.stl
21,pialnn,pial,28737,217634,pialnn_mesh_eval_lh_subject21-cut.stl
22,pialnn,pial,30643,249484,pialnn_mesh_eval_lh_subject22-cut.stl
23,pialnn,pial,37260,285518,pialnn_mesh_eval_lh_subject23-cut.stl
24,pialnn,pial,28564,213647,pialnn_mesh_eval_lh_subject24-cut.stl
25,pialnn,pial,29702,245437,pialnn_mesh_eval_lh_subject25-cut.stl
26,pialnn,pial,35987,234656,pialnn_mesh_eval_lh_subject26-cut.stl
27,pialnn,pial,31147,286618,pialnn_mesh_eval_lh_subject27-cut.stl
28,pialnn,pial,24318,230208,pialnn_mesh_eval_lh_subject28-cut.stl
29,pialnn,pial,24692,232127,pialnn_mesh_eval_lh_subject29-cut.stl
30,pialnn,pial,29678,272253,pialnn_mesh_eval_lh_subject3-cut.stl
31,pialnn,pial,30131,216616,pialnn_mesh_eval_lh_subject30-cut.stl
32,pialnn,pial,33974,271726,pialnn_mesh_eval_lh_subject31-cut.stl
33,pialnn,pial,35306,248969,pialnn_mesh_eval_lh_subject32-cut.stl
34,pialnn,pial,27465,211325,pialnn_mesh_eval_lh_subject33-cut.stl
35,pialnn,pial,25825,195930,pialnn_mesh_eval_lh_subject34-cut.stl
36,pialnn,pial,34137,237105,pialnn_mesh_eval_lh_subject35-cut.stl
37,pialnn,pial,19623,189889,pialnn_mesh_eval_lh_subject36-cut.stl
38,pialnn,pial,32162,187834,pialnn_mesh_eval_lh_subject37-cut.stl
40,pialnn,pial,21611,244060,pialnn_mesh_eval_lh_subject39-cut.stl
41,pialnn,pial,29180,215945,pialnn_mesh_eval_lh_subject4-cut.stl
42,pialnn,pial,25721,215030,pialnn_mesh_eval_lh_subject40-cut.stl
43,pialnn,pial,27627,237545,pialnn_mesh_eval_lh_subject41-cut.stl
44,pialnn,pial,33043,251678,pialnn_mesh_eval_lh_subject42-cut.stl
45,pialnn,pial,21683,232615,pialnn_mesh_eval_lh_subject43-cut.stl
46,pialnn,pial,22402,205812,pialnn_mesh_eval_lh_subject44-cut.stl
47,pialnn,pial,22959,255166,pialnn_mesh_eval_lh_subject45-cut.stl
48,pialnn,pial,25713,207790,pialnn_mesh_eval_lh_subject46-cut.stl
49,pialnn,pial,34856,250006,pialnn_mesh_eval_lh_subject47-cut.stl
50,pialnn,pial,23449,224192,pialnn_mesh_eval_lh_subject48-cut.stl
51,pialnn,pial,28371,247167,pialnn_mesh_eval_lh_subject49-cut.stl
52,pialnn,pial,35708,229482,pialnn_mesh_eval_lh_subject5-cut.stl
53,pialnn,pial,30451,244948,pialnn_mesh_eval_lh_subject50-cut.stl
54,pialnn,pial,30271,231704,pialnn_mesh_eval_lh_subject51-cut.stl
55,pialnn,pial,26564,233701,pialnn_mesh_eval_lh_subject52-cut.stl
56,pialnn,pial,27189,226667,pialnn_mesh_eval_lh_subject53-cut.stl
57,pialnn,pial,30915,246404,pialnn_mesh_eval_lh_subject54-cut.stl
58,pialnn,pial,30974,207804,pialnn_mesh_eval_lh_subject55-cut.stl
59,pialnn,pial,20284,211205,pialnn_mesh_eval_lh_subject56-cut.stl
60,pialnn,pial,44553,303729,pialnn_mesh_eval_lh_subject57-cut.stl
61,pialnn,pial,20104,245203,pialnn_mesh_eval_lh_subject58-cut.stl
62,pialnn,pial,34851,219289,pialnn_mesh_eval_lh_subject59-cut.stl
63,pialnn,pial,21584,219470,pialnn_mesh_eval_lh_subject6-cut.stl
64,pialnn,pial,28411,188376,pialnn_mesh_eval_lh_subject60-cut.stl
65,pialnn,pial,24158,239025,pialnn_mesh_eval_lh_subject61-cut.stl
67,pialnn,pial,31405,214469,pialnn_mesh_eval_lh_subject63-cut.stl
68,pialnn,pial,19044,234625,pialnn_mesh_eval_lh_subject64-cut.stl
69,pialnn,pial,25224,242588,pialnn_mesh_eval_lh_subject65-cut.stl
70,pialnn,pial,17123,206712,pialnn_mesh_eval_lh_subject66-cut.stl
71,pialnn,pial,31785,213594,pialnn_mesh_eval_lh_subject67-cut.stl
72,pialnn,pial,23773,200705,pialnn_mesh_eval_lh_subject68-cut.stl
73,pialnn,pial,30410,210408,pialnn_mesh_eval_lh_subject69-cut.stl
74,pialnn,pial,31620,241196,pialnn_mesh_eval_lh_subject7-cut.stl
75,pialnn,pial,23330,223766,pialnn_mesh_eval_lh_subject70-cut.stl
76,pialnn,pial,32837,260391,pialnn_mesh_eval_lh_subject71-cut.stl
77,pialnn,pial,24832,215705,pialnn_mesh_eval_lh_subject72-cut.stl
78,pialnn,pial,25969,240341,pialnn_mesh_eval_lh_subject73-cut.stl
79,pialnn,pial,47445,329526,pialnn_mesh_eval_lh_subject74-cut.stl
80,pialnn,pial,24902,200479,pialnn_mesh_eval_lh_subject75-cut.stl
81,pialnn,pial,29936,230030,pialnn_mesh_eval_lh_subject76-cut.stl
82,pialnn,pial,44263,276445,pialnn_mesh_eval_lh_subject77-cut.stl
83,pialnn,pial,35551,247292,pialnn_mesh_eval_lh_subject78-cut.stl
84,pialnn,pial,19895,219492,pialnn_mesh_eval_lh_subject79-cut.stl
85,pialnn,pial,27737,236011,pialnn_mesh_eval_lh_subject8-cut.stl
86,pialnn,pial,30354,221036,pialnn_mesh_eval_lh_subject80-cut.stl
87,pialnn,pial,27388,208969,pialnn_mesh_eval_lh_subject81-cut.stl
88,pialnn,pial,21746,246809,pialnn_mesh_eval_lh_subject82-cut.stl
89,pialnn,pial,21422,208571,pialnn_mesh_eval_lh_subject83-cut.stl
90,pialnn,pial,26937,256457,pialnn_mesh_eval_lh_subject84-cut.stl
91,pialnn,pial,26544,242791,pialnn_mesh_eval_lh_subject85-cut.stl
92,pialnn,pial,32153,237398,pialnn_mesh_eval_lh_subject86-cut.stl
93,pialnn,pial,27809,213847,pialnn_mesh_eval_lh_subject87-cut.stl
94,pialnn,pial,27405,233535,pialnn_mesh_eval_lh_subject88-cut.stl
95,pialnn,pial,33981,258634,pialnn_mesh_eval_lh_subject89-cut.stl
96,pialnn,pial,25510,215755,pialnn_mesh_eval_lh_subject9-cut.stl
97,pialnn,pial,36479,248703,pialnn_mesh_eval_lh_subject90-cut.stl
98,pialnn,pial,22974,249942,pialnn_mesh_eval_lh_subject91-cut.stl
99,pialnn,pial,26138,215590,pialnn_mesh_eval_lh_subject92-cut.stl
100,pialnn,pial,23062,220037,pialnn_mesh_eval_lh_subject93-cut.stl
101,pialnn,pial,22115,240853,pialnn_mesh_eval_lh_subject94-cut.stl
102,pialnn,pial,28369,244380,pialnn_mesh_eval_lh_subject95-cut.stl
103,pialnn,pial,31635,263819,pialnn_mesh_eval_lh_subject96-cut.stl
104,pialnn,pial,36786,256953,pialnn_mesh_eval_lh_subject97-cut.stl
105,pialnn,pial,28842,242058,pialnn_mesh_eval_lh_subject98-cut.stl
106,pialnn,pial,26346,218761,pialnn_mesh_eval_lh_subject99-cut.stl
67,vox2cortex,white,38,77966,224022_epoch81_struc0_meshpred-cut.stl
68,vox2cortex,white,12,77786,227432_epoch81_struc0_meshpred-cut.stl
69,vox2cortex,white,46,77719,228434_epoch81_struc0_meshpred-cut.stl
70,vox2cortex,white,7,77471,231928_epoch81_struc0_meshpred-cut.stl
71,vox2cortex,white,105,77519,233326_epoch81_struc0_meshpred-cut.stl
72,vox2cortex,white,19,76559,236130_epoch81_struc0_meshpred-cut.stl
73,vox2cortex,white,46,77944,237334_epoch81_struc0_meshpred-cut.stl
74,vox2cortex,white,125,76842,239944_epoch81_struc0_meshpred-cut.stl
75,vox2cortex,white,68,77529,245333_epoch81_struc0_meshpred-cut.stl
76,vox2cortex,white,10,76801,246133_epoch81_struc0_meshpred-cut.stl
77,vox2cortex,white,173,77647,248339_epoch81_struc0_meshpred-cut.stl
78,vox2cortex,white,180,76313,249947_epoch81_struc0_meshpred-cut.stl
79,vox2cortex,white,18,77637,250427_epoch81_struc0_meshpred-cut.stl
80,vox2cortex,white,56,77657,250932_epoch81_struc0_meshpred-cut.stl
81,vox2cortex,white,62,77186,251833_epoch81_struc0_meshpred-cut.stl
82,vox2cortex,white,125,77468,255639_epoch81_struc0_meshpred-cut.stl
83,vox2cortex,white,0,77361,256540_epoch81_struc0_meshpred-cut.stl
84,vox2cortex,white,54,76464,257542_epoch81_struc0_meshpred-cut.stl
85,vox2cortex,white,6,77787,257845_epoch81_struc0_meshpred-cut.stl
86,vox2cortex,white,58,77888,263436_epoch81_struc0_meshpred-cut.stl
87,vox2cortex,white,50,77116,268749_epoch81_struc0_meshpred-cut.stl
88,vox2cortex,white,83,77310,268850_epoch81_struc0_meshpred-cut.stl
89,vox2cortex,white,772,77796,270332_epoch81_struc0_meshpred-cut.stl
90,vox2cortex,white,208,77794,275645_epoch81_struc0_meshpred-cut.stl
91,vox2cortex,white,38,77491,280739_epoch81_struc0_meshpred-cut.stl
92,vox2cortex,white,137,77618,280941_epoch81_struc0_meshpred-cut.stl
93,vox2cortex,white,36,77772,283543_epoch81_struc0_meshpred-cut.stl
94,vox2cortex,white,103,78237,284646_epoch81_struc0_meshpred-cut.stl
95,vox2cortex,white,136,77265,285345_epoch81_struc0_meshpred-cut.stl
96,vox2cortex,white,29,76527,285446_epoch81_struc0_meshpred-cut.stl
97,vox2cortex,white,370,77332,286650_epoch81_struc0_meshpred-cut.stl
98,vox2cortex,white,1,76625,287248_epoch81_struc0_meshpred-cut.stl
99,vox2cortex,white,23,78010,289555_epoch81_struc0_meshpred-cut.stl
100,vox2cortex,white,253,77647,290136_epoch81_struc0_meshpred-cut.stl
101,vox2cortex,white,1,78349,293748_epoch81_struc0_meshpred-cut.stl
102,vox2cortex,white,119,77507,295146_epoch81_struc0_meshpred-cut.stl
103,vox2cortex,white,91,77165,297655_epoch81_struc0_meshpred-cut.stl
104,vox2cortex,white,254,77408,298051_epoch81_struc0_meshpred-cut.stl
105,vox2cortex,white,166,77690,298455_epoch81_struc0_meshpred-cut.stl
106,vox2cortex,white,89,77087,299154_epoch81_struc0_meshpred-cut.stl
0,vox2cortex,white,2,77130,200008_epoch81_struc0_meshpred-cut.stl
1,vox2cortex,white,10,77245,200109_epoch81_struc0_meshpred-cut.stl
2,vox2cortex,white,0,77938,200210_epoch81_struc0_meshpred-cut.stl
3,vox2cortex,white,134,77545,200311_epoch81_struc0_meshpred-cut.stl
4,vox2cortex,white,17,76729,200614_epoch81_struc0_meshpred-cut.stl
5,vox2cortex,white,77,77789,200917_epoch81_struc0_meshpred-cut.stl
6,vox2cortex,white,0,77462,201111_epoch81_struc0_meshpred-cut.stl
7,vox2cortex,white,184,77758,201414_epoch81_struc0_meshpred-cut.stl
8,vox2cortex,white,28,77083,201515_epoch81_struc0_meshpred-cut.stl
9,vox2cortex,white,83,77218,201717_epoch81_struc0_meshpred-cut.stl
10,vox2cortex,white,23,78234,201818_epoch81_struc0_meshpred-cut.stl
11,vox2cortex,white,219,77377,202113_epoch81_struc0_meshpred-cut.stl
12,vox2cortex,white,79,78274,202719_epoch81_struc0_meshpred-cut.stl
13,vox2cortex,white,134,77444,203418_epoch81_struc0_meshpred-cut.stl
14,vox2cortex,white,241,77324,203721_epoch81_struc0_meshpred-cut.stl
15,vox2cortex,white,77,76895,203923_epoch81_struc0_meshpred-cut.stl
16,vox2cortex,white,18,77786,204016_epoch81_struc0_meshpred-cut.stl
17,vox2cortex,white,25,77490,204319_epoch81_struc0_meshpred-cut.stl
18,vox2cortex,white,3,78059,204420_epoch81_struc0_meshpred-cut.stl
19,vox2cortex,white,50,77671,204521_epoch81_struc0_meshpred-cut.stl
20,vox2cortex,white,241,77753,204622_epoch81_struc0_meshpred-cut.stl
21,vox2cortex,white,5319,77254,205119_epoch81_struc0_meshpred-cut.stl
22,vox2cortex,white,42,77954,205220_epoch81_struc0_meshpred-cut.stl
23,vox2cortex,white,108,78901,205725_epoch81_struc0_meshpred-cut.stl
24,vox2cortex,white,309,78123,205826_epoch81_struc0_meshpred-cut.stl
25,vox2cortex,white,33,77203,206222_epoch81_struc0_meshpred-cut.stl
26,vox2cortex,white,1721,77774,207123_epoch81_struc0_meshpred-cut.stl
27,vox2cortex,white,100,77895,207426_epoch81_struc0_meshpred-cut.stl
28,vox2cortex,white,434,77602,207628_epoch81_struc0_meshpred-cut.stl
29,vox2cortex,white,45,77795,208024_epoch81_struc0_meshpred-cut.stl
30,vox2cortex,white,70,77161,208125_epoch81_struc0_meshpred-cut.stl
31,vox2cortex,white,23,77264,208226_epoch81_struc0_meshpred-cut.stl
32,vox2cortex,white,285,78293,208327_epoch81_struc0_meshpred-cut.stl
33,vox2cortex,white,62,77832,208428_epoch81_struc0_meshpred-cut.stl
34,vox2cortex,white,4,77918,209127_epoch81_struc0_meshpred-cut.stl
35,vox2cortex,white,96,76283,209228_epoch81_struc0_meshpred-cut.stl
36,vox2cortex,white,94,77637,209329_epoch81_struc0_meshpred-cut.stl
37,vox2cortex,white,660,77959,209834_epoch81_struc0_meshpred-cut.stl
38,vox2cortex,white,123,78389,209935_epoch81_struc0_meshpred-cut.stl
39,vox2cortex,white,111,78289,210011_epoch81_struc0_meshpred-cut.stl
40,vox2cortex,white,71,77530,210415_epoch81_struc0_meshpred-cut.stl
41,vox2cortex,white,8,77282,210617_epoch81_struc0_meshpred-cut.stl
42,vox2cortex,white,69,77668,211114_epoch81_struc0_meshpred-cut.stl
43,vox2cortex,white,19,77595,211215_epoch81_struc0_meshpred-cut.stl
44,vox2cortex,white,29,78028,211316_epoch81_struc0_meshpred-cut.stl
45,vox2cortex,white,21,78407,211417_epoch81_struc0_meshpred-cut.stl
46,vox2cortex,white,527,77831,211720_epoch81_struc0_meshpred-cut.stl
47,vox2cortex,white,7,77120,211922_epoch81_struc0_meshpred-cut.stl
48,vox2cortex,white,215,76889,212015_epoch81_struc0_meshpred-cut.stl
49,vox2cortex,white,487,77539,212116_epoch81_struc0_meshpred-cut.stl
50,vox2cortex,white,244,77509,212217_epoch81_struc0_meshpred-cut.stl
51,vox2cortex,white,166,77772,212318_epoch81_struc0_meshpred-cut.stl
52,vox2cortex,white,196,76756,212419_epoch81_struc0_meshpred-cut.stl
53,vox2cortex,white,176,78263,212823_epoch81_struc0_meshpred-cut.stl
54,vox2cortex,white,196,77515,213421_epoch81_struc0_meshpred-cut.stl
55,vox2cortex,white,77,77702,214019_epoch81_struc0_meshpred-cut.stl
56,vox2cortex,white,68,77106,214221_epoch81_struc0_meshpred-cut.stl
57,vox2cortex,white,129,77284,214423_epoch81_struc0_meshpred-cut.stl
58,vox2cortex,white,118,78232,214524_epoch81_struc0_meshpred-cut.stl
59,vox2cortex,white,121,77685,214625_epoch81_struc0_meshpred-cut.stl
60,vox2cortex,white,93,77903,214726_epoch81_struc0_meshpred-cut.stl
61,vox2cortex,white,118,77706,217126_epoch81_struc0_meshpred-cut.stl
62,vox2cortex,white,85,76416,217429_epoch81_struc0_meshpred-cut.stl
63,vox2cortex,white,87,77443,220721_epoch81_struc0_meshpred-cut.stl
64,vox2cortex,white,45,77448,221218_epoch81_struc0_meshpred-cut.stl
65,vox2cortex,white,29,77300,221319_epoch81_struc0_meshpred-cut.stl
66,vox2cortex,white,127,76635,223929_epoch81_struc0_meshpred-cut.stl
0,vox2cortex,pial,3339,76375,200008_epoch81_struc2_meshpred-cut.stl
1,vox2cortex,pial,2927,76302,200109_epoch81_struc2_meshpred-cut.stl
2,vox2cortex,pial,1880,77457,200210_epoch81_struc2_meshpred-cut.stl
3,vox2cortex,pial,549,76860,200311_epoch81_struc2_meshpred-cut.stl
4,vox2cortex,pial,1934,76301,200614_epoch81_struc2_meshpred-cut.stl
5,vox2cortex,pial,1946,77186,200917_epoch81_struc2_meshpred-cut.stl
6,vox2cortex,pial,1437,76961,201111_epoch81_struc2_meshpred-cut.stl
7,vox2cortex,pial,1267,76682,201414_epoch81_struc2_meshpred-cut.stl
8,vox2cortex,pial,3411,77003,201515_epoch81_struc2_meshpred-cut.stl
9,vox2cortex,pial,686,76321,201717_epoch81_struc2_meshpred-cut.stl
10,vox2cortex,pial,2486,77724,201818_epoch81_struc2_meshpred-cut.stl
11,vox2cortex,pial,1447,76318,202113_epoch81_struc2_meshpred-cut.stl
12,vox2cortex,pial,976,77642,202719_epoch81_struc2_meshpred-cut.stl
13,vox2cortex,pial,1454,76636,203418_epoch81_struc2_meshpred-cut.stl
14,vox2cortex,pial,3502,76542,203721_epoch81_struc2_meshpred-cut.stl
15,vox2cortex,pial,2633,76450,203923_epoch81_struc2_meshpred-cut.stl
16,vox2cortex,pial,1175,76548,204016_epoch81_struc2_meshpred-cut.stl
17,vox2cortex,pial,1960,76673,204319_epoch81_struc2_meshpred-cut.stl
18,vox2cortex,pial,2485,77546,204420_epoch81_struc2_meshpred-cut.stl
19,vox2cortex,pial,2623,76611,204521_epoch81_struc2_meshpred-cut.stl
20,vox2cortex,pial,202,76677,204622_epoch81_struc2_meshpred-cut.stl
21,vox2cortex,pial,1100,76146,205119_epoch81_struc2_meshpred-cut.stl
22,vox2cortex,pial,1939,77035,205220_epoch81_struc2_meshpred-cut.stl
23,vox2cortex,pial,2867,78318,205725_epoch81_struc2_meshpred-cut.stl
24,vox2cortex,pial,409,77339,205826_epoch81_struc2_meshpred-cut.stl
25,vox2cortex,pial,1596,76372,206222_epoch81_struc2_meshpred-cut.stl
26,vox2cortex,pial,458,76922,207123_epoch81_struc2_meshpred-cut.stl
27,vox2cortex,pial,738,76872,207426_epoch81_struc2_meshpred-cut.stl
28,vox2cortex,pial,860,77230,207628_epoch81_struc2_meshpred-cut.stl
29,vox2cortex,pial,3600,76976,208024_epoch81_struc2_meshpred-cut.stl
30,vox2cortex,pial,642,76575,208125_epoch81_struc2_meshpred-cut.stl
31,vox2cortex,pial,1585,76779,208226_epoch81_struc2_meshpred-cut.stl
32,vox2cortex,pial,325,77490,208327_epoch81_struc2_meshpred-cut.stl
33,vox2cortex,pial,1499,76967,208428_epoch81_struc2_meshpred-cut.stl
34,vox2cortex,pial,3070,77228,209127_epoch81_struc2_meshpred-cut.stl
35,vox2cortex,pial,2569,75985,209228_epoch81_struc2_meshpred-cut.stl
36,vox2cortex,pial,2502,77271,209329_epoch81_struc2_meshpred-cut.stl
37,vox2cortex,pial,440,77002,209834_epoch81_struc2_meshpred-cut.stl
38,vox2cortex,pial,743,77583,209935_epoch81_struc2_meshpred-cut.stl
39,vox2cortex,pial,319,77169,210011_epoch81_struc2_meshpred-cut.stl
40,vox2cortex,pial,2625,77124,210415_epoch81_struc2_meshpred-cut.stl
41,vox2cortex,pial,2433,76568,210617_epoch81_struc2_meshpred-cut.stl
42,vox2cortex,pial,2567,76837,211114_epoch81_struc2_meshpred-cut.stl
43,vox2cortex,pial,1362,76403,211215_epoch81_struc2_meshpred-cut.stl
44,vox2cortex,pial,1613,77617,211316_epoch81_struc2_meshpred-cut.stl
45,vox2cortex,pial,1797,77691,211417_epoch81_struc2_meshpred-cut.stl
46,vox2cortex,pial,351,77278,211720_epoch81_struc2_meshpred-cut.stl
47,vox2cortex,pial,3281,76233,211922_epoch81_struc2_meshpred-cut.stl
48,vox2cortex,pial,2409,76005,212015_epoch81_struc2_meshpred-cut.stl
49,vox2cortex,pial,498,76656,212116_epoch81_struc2_meshpred-cut.stl
50,vox2cortex,pial,4174,76664,212217_epoch81_struc2_meshpred-cut.stl
51,vox2cortex,pial,580,76641,212318_epoch81_struc2_meshpred-cut.stl
52,vox2cortex,pial,3556,76170,212419_epoch81_struc2_meshpred-cut.stl
53,vox2cortex,pial,628,77383,212823_epoch81_struc2_meshpred-cut.stl
54,vox2cortex,pial,197,76787,213421_epoch81_struc2_meshpred-cut.stl
55,vox2cortex,pial,2106,76987,214019_epoch81_struc2_meshpred-cut.stl
56,vox2cortex,pial,1726,76832,214221_epoch81_struc2_meshpred-cut.stl
57,vox2cortex,pial,2323,76444,214423_epoch81_struc2_meshpred-cut.stl
58,vox2cortex,pial,981,78078,214524_epoch81_struc2_meshpred-cut.stl
59,vox2cortex,pial,1629,77221,214625_epoch81_struc2_meshpred-cut.stl
60,vox2cortex,pial,545,77260,214726_epoch81_struc2_meshpred-cut.stl
61,vox2cortex,pial,819,77420,217126_epoch81_struc2_meshpred-cut.stl
62,vox2cortex,pial,2690,75234,217429_epoch81_struc2_meshpred-cut.stl
63,vox2cortex,pial,364,76813,220721_epoch81_struc2_meshpred-cut.stl
64,vox2cortex,pial,1846,76612,221218_epoch81_struc2_meshpred-cut.stl
65,vox2cortex,pial,1363,76936,221319_epoch81_struc2_meshpred-cut.stl
66,vox2cortex,pial,2166,76462,223929_epoch81_struc2_meshpred-cut.stl
67,vox2cortex,pial,755,77398,224022_epoch81_struc2_meshpred-cut.stl
68,vox2cortex,pial,693,76842,227432_epoch81_struc2_meshpred-cut.stl
69,vox2cortex,pial,1442,76807,228434_epoch81_struc2_meshpred-cut.stl
70,vox2cortex,pial,1815,76800,231928_epoch81_struc2_meshpred-cut.stl
71,vox2cortex,pial,1436,77191,233326_epoch81_struc2_meshpred-cut.stl
72,vox2cortex,pial,2073,76164,236130_epoch81_struc2_meshpred-cut.stl
73,vox2cortex,pial,408,77589,237334_epoch81_struc2_meshpred-cut.stl
74,vox2cortex,pial,2194,76236,239944_epoch81_struc2_meshpred-cut.stl
75,vox2cortex,pial,3068,76725,245333_epoch81_struc2_meshpred-cut.stl
76,vox2cortex,pial,2715,76169,246133_epoch81_struc2_meshpred-cut.stl
77,vox2cortex,pial,574,76769,248339_epoch81_struc2_meshpred-cut.stl
78,vox2cortex,pial,3067,75557,249947_epoch81_struc2_meshpred-cut.stl
79,vox2cortex,pial,1971,77149,250427_epoch81_struc2_meshpred-cut.stl
80,vox2cortex,pial,2163,76621,250932_epoch81_struc2_meshpred-cut.stl
81,vox2cortex,pial,712,76516,251833_epoch81_struc2_meshpred-cut.stl
82,vox2cortex,pial,981,76551,255639_epoch81_struc2_meshpred-cut.stl
83,vox2cortex,pial,645,76435,256540_epoch81_struc2_meshpred-cut.stl
84,vox2cortex,pial,2545,75987,257542_epoch81_struc2_meshpred-cut.stl
85,vox2cortex,pial,713,77041,257845_epoch81_struc2_meshpred-cut.stl
86,vox2cortex,pial,1902,77176,263436_epoch81_struc2_meshpred-cut.stl
87,vox2cortex,pial,1650,76376,268749_epoch81_struc2_meshpred-cut.stl
88,vox2cortex,pial,2466,76078,268850_epoch81_struc2_meshpred-cut.stl
89,vox2cortex,pial,237,76648,270332_epoch81_struc2_meshpred-cut.stl
90,vox2cortex,pial,953,76585,275645_epoch81_struc2_meshpred-cut.stl
91,vox2cortex,pial,2146,76747,280739_epoch81_struc2_meshpred-cut.stl
92,vox2cortex,pial,1519,77217,280941_epoch81_struc2_meshpred-cut.stl
93,vox2cortex,pial,919,76913,283543_epoch81_struc2_meshpred-cut.stl
94,vox2cortex,pial,775,77598,284646_epoch81_struc2_meshpred-cut.stl
95,vox2cortex,pial,2329,76440,285345_epoch81_struc2_meshpred-cut.stl
96,vox2cortex,pial,1507,75611,285446_epoch81_struc2_meshpred-cut.stl
97,vox2cortex,pial,583,76883,286650_epoch81_struc2_meshpred-cut.stl
98,vox2cortex,pial,3072,76252,287248_epoch81_struc2_meshpred-cut.stl
99,vox2cortex,pial,2121,77426,289555_epoch81_struc2_meshpred-cut.stl
100,vox2cortex,pial,1596,77180,290136_epoch81_struc2_meshpred-cut.stl
101,vox2cortex,pial,1105,77593,293748_epoch81_struc2_meshpred-cut.stl
102,vox2cortex,pial,651,76306,295146_epoch81_struc2_meshpred-cut.stl
103,vox2cortex,pial,812,76737,297655_epoch81_struc2_meshpred-cut.stl
104,vox2cortex,pial,581,76718,298051_epoch81_struc2_meshpred-cut.stl
105,vox2cortex,pial,264,77228,298455_epoch81_struc2_meshpred-cut.stl
106,vox2cortex,pial,1827,76530,299154_epoch81_struc2_meshpred-cut.stl
0,freesurfer,white,0,235874,200008_lh.white_converted-cut.stl
1,freesurfer,white,0,258450,200109_lh.white_converted-cut.stl
2,freesurfer,white,0,309499,200210_lh.white_converted-cut.stl
3,freesurfer,white,0,248102,200311_lh.white_converted-cut.stl
4,freesurfer,white,0,246537,200614_lh.white_converted-cut.stl
5,freesurfer,white,0,261860,200917_lh.white_converted-cut.stl
6,freesurfer,white,0,263525,201111_lh.white_converted-cut.stl
7,freesurfer,white,0,234161,201414_lh.white_converted-cut.stl
8,freesurfer,white,0,265650,201515_lh.white_converted-cut.stl
9,freesurfer,white,0,277220,201717_lh.white_converted-cut.stl
10,freesurfer,white,0,227366,201818_lh.white_converted-cut.stl
11,freesurfer,white,0,267610,202113_lh.white_converted-cut.stl
12,freesurfer,white,5,263739,202719_lh.white_converted-cut.stl
13,freesurfer,white,0,240329,203418_lh.white_converted-cut.stl
14,freesurfer,white,0,227498,203721_lh.white_converted-cut.stl
15,freesurfer,white,0,269531,203923_lh.white_converted-cut.stl
16,freesurfer,white,0,260094,204016_lh.white_converted-cut.stl
17,freesurfer,white,0,280907,204319_lh.white_converted-cut.stl
18,freesurfer,white,0,214336,204420_lh.white_converted-cut.stl
19,freesurfer,white,0,224868,204521_lh.white_converted-cut.stl
20,freesurfer,white,0,265873,204622_lh.white_converted-cut.stl
21,freesurfer,white,0,277400,205119_lh.white_converted-cut.stl
22,freesurfer,white,0,231083,205220_lh.white_converted-cut.stl
23,freesurfer,white,0,206303,205725_lh.white_converted-cut.stl
24,freesurfer,white,0,263118,205826_lh.white_converted-cut.stl
25,freesurfer,white,0,275139,206222_lh.white_converted-cut.stl
26,freesurfer,white,0,300609,207123_lh.white_converted-cut.stl
27,freesurfer,white,0,243348,207426_lh.white_converted-cut.stl
28,freesurfer,white,0,292258,207628_lh.white_converted-cut.stl
29,freesurfer,white,0,217058,208024_lh.white_converted-cut.stl
30,freesurfer,white,0,256511,208125_lh.white_converted-cut.stl
31,freesurfer,white,0,237213,208226_lh.white_converted-cut.stl
32,freesurfer,white,0,308822,208327_lh.white_converted-cut.stl
33,freesurfer,white,0,200630,208428_lh.white_converted-cut.stl
34,freesurfer,white,0,238077,209127_lh.white_converted-cut.stl
35,freesurfer,white,0,254367,209228_lh.white_converted-cut.stl
36,freesurfer,white,0,222216,209329_lh.white_converted-cut.stl
37,freesurfer,white,0,227129,209834_lh.white_converted-cut.stl
38,freesurfer,white,1,262386,209935_lh.white_converted-cut.stl
39,freesurfer,white,0,273114,210011_lh.white_converted-cut.stl
40,freesurfer,white,0,215810,210415_lh.white_converted-cut.stl
41,freesurfer,white,1,264929,210617_lh.white_converted-cut.stl
42,freesurfer,white,0,258589,211114_lh.white_converted-cut.stl
43,freesurfer,white,0,295257,211215_lh.white_converted-cut.stl
44,freesurfer,white,0,211790,211316_lh.white_converted-cut.stl
45,freesurfer,white,0,250661,211417_lh.white_converted-cut.stl
46,freesurfer,white,2,296281,211720_lh.white_converted-cut.stl
47,freesurfer,white,0,244986,211922_lh.white_converted-cut.stl
48,freesurfer,white,0,272881,212015_lh.white_converted-cut.stl
49,freesurfer,white,0,238630,212116_lh.white_converted-cut.stl
50,freesurfer,white,0,233413,212217_lh.white_converted-cut.stl
51,freesurfer,white,1,226908,212318_lh.white_converted-cut.stl
52,freesurfer,white,0,246004,212419_lh.white_converted-cut.stl
53,freesurfer,white,0,266077,212823_lh.white_converted-cut.stl
54,freesurfer,white,0,268993,213421_lh.white_converted-cut.stl
55,freesurfer,white,0,225310,214019_lh.white_converted-cut.stl
56,freesurfer,white,0,230603,214221_lh.white_converted-cut.stl
57,freesurfer,white,0,313026,214423_lh.white_converted-cut.stl
58,freesurfer,white,0,266332,214524_lh.white_converted-cut.stl
59,freesurfer,white,0,260698,214625_lh.white_converted-cut.stl
60,freesurfer,white,0,253701,214726_lh.white_converted-cut.stl
61,freesurfer,white,0,248014,217126_lh.white_converted-cut.stl
62,freesurfer,white,0,230775,217429_lh.white_converted-cut.stl
63,freesurfer,white,0,263681,220721_lh.white_converted-cut.stl
64,freesurfer,white,0,234651,221218_lh.white_converted-cut.stl
65,freesurfer,white,0,225020,221319_lh.white_converted-cut.stl
66,freesurfer,white,0,356345,223929_lh.white_converted-cut.stl
67,freesurfer,white,0,213030,224022_lh.white_converted-cut.stl
68,freesurfer,white,0,254398,227432_lh.white_converted-cut.stl
69,freesurfer,white,0,222925,228434_lh.white_converted-cut.stl
70,freesurfer,white,0,236162,231928_lh.white_converted-cut.stl
71,freesurfer,white,0,276506,233326_lh.white_converted-cut.stl
72,freesurfer,white,0,247400,236130_lh.white_converted-cut.stl
73,freesurfer,white,0,232827,237334_lh.white_converted-cut.stl
74,freesurfer,white,0,257406,239944_lh.white_converted-cut.stl
75,freesurfer,white,0,229367,245333_lh.white_converted-cut.stl
76,freesurfer,white,0,230696,246133_lh.white_converted-cut.stl
77,freesurfer,white,0,263750,248339_lh.white_converted-cut.stl
78,freesurfer,white,0,238219,249947_lh.white_converted-cut.stl
79,freesurfer,white,0,226290,250427_lh.white_converted-cut.stl
80,freesurfer,white,1,231427,250932_lh.white_converted-cut.stl
81,freesurfer,white,1,278916,251833_lh.white_converted-cut.stl
82,freesurfer,white,0,223879,255639_lh.white_converted-cut.stl
83,freesurfer,white,0,239200,256540_lh.white_converted-cut.stl
84,freesurfer,white,0,251885,257542_lh.white_converted-cut.stl
85,freesurfer,white,0,268892,257845_lh.white_converted-cut.stl
86,freesurfer,white,0,270913,263436_lh.white_converted-cut.stl
87,freesurfer,white,0,298839,268749_lh.white_converted-cut.stl
88,freesurfer,white,0,250333,268850_lh.white_converted-cut.stl
89,freesurfer,white,0,326386,270332_lh.white_converted-cut.stl
90,freesurfer,white,0,232754,275645_lh.white_converted-cut.stl
91,freesurfer,white,0,229766,280739_lh.white_converted-cut.stl
92,freesurfer,white,24,256734,280941_lh.white_converted-cut.stl
93,freesurfer,white,0,259399,283543_lh.white_converted-cut.stl
94,freesurfer,white,0,256865,284646_lh.white_converted-cut.stl
95,freesurfer,white,0,233835,285345_lh.white_converted-cut.stl
96,freesurfer,white,3,270677,285446_lh.white_converted-cut.stl
97,freesurfer,white,0,273362,286650_lh.white_converted-cut.stl
98,freesurfer,white,0,268680,287248_lh.white_converted-cut.stl
99,freesurfer,white,0,206799,289555_lh.white_converted-cut.stl
100,freesurfer,white,0,271966,290136_lh.white_converted-cut.stl
101,freesurfer,white,0,209924,293748_lh.white_converted-cut.stl
102,freesurfer,white,0,235750,295146_lh.white_converted-cut.stl
103,freesurfer,white,0,204856,297655_lh.white_converted-cut.stl
104,freesurfer,white,0,282711,298051_lh.white_converted-cut.stl
105,freesurfer,white,0,259451,298455_lh.white_converted-cut.stl
106,freesurfer,white,0,279355,299154_lh.white_converted-cut.stl
107,freesurfer,white,0,279355,lh.white_converted-cut.stl
0,freesurfer,pial,1340,233906,200008_lh.pial_converted-cut-cut.stl
1,freesurfer,pial,1340,233906,200008_lh.pial_converted-cut.stl
2,freesurfer,pial,1195,256801,200109_lh.pial_converted-cut.stl
3,freesurfer,pial,1007,308376,200210_lh.pial_converted-cut.stl
4,freesurfer,pial,510,248399,200311_lh.pial_converted-cut.stl
6,freesurfer,pial,817,260952,200917_lh.pial_converted-cut.stl
7,freesurfer,pial,1198,262087,201111_lh.pial_converted-cut.stl
8,freesurfer,pial,452,231389,201414_lh.pial_converted-cut.stl
9,freesurfer,pial,763,264508,201515_lh.pial_converted-cut.stl
10,freesurfer,pial,1929,277657,201717_lh.pial_converted-cut.stl
12,freesurfer,pial,539,265023,202113_lh.pial_converted-cut.stl
13,freesurfer,pial,735,261349,202719_lh.pial_converted-cut.stl
14,freesurfer,pial,614,237881,203418_lh.pial_converted-cut.stl
16,freesurfer,pial,1076,268921,203923_lh.pial_converted-cut.stl
17,freesurfer,pial,831,258352,204016_lh.pial_converted-cut.stl
18,freesurfer,pial,918,280185,204319_lh.pial_converted-cut.stl
19,freesurfer,pial,508,213760,204420_lh.pial_converted-cut.stl
20,freesurfer,pial,933,223923,204521_lh.pial_converted-cut.stl
21,freesurfer,pial,569,262662,204622_lh.pial_converted-cut.stl
22,freesurfer,pial,817,277302,205119_lh.pial_converted-cut.stl
23,freesurfer,pial,680,229507,205220_lh.pial_converted-cut.stl
24,freesurfer,pial,549,204835,205725_lh.pial_converted-cut.stl
25,freesurfer,pial,865,264217,205826_lh.pial_converted-cut.stl
26,freesurfer,pial,634,275531,206222_lh.pial_converted-cut.stl
27,freesurfer,pial,895,298899,207123_lh.pial_converted-cut.stl
29,freesurfer,pial,1727,290345,207628_lh.pial_converted-cut.stl
30,freesurfer,pial,613,215122,208024_lh.pial_converted-cut.stl
31,freesurfer,pial,633,255901,208125_lh.pial_converted-cut.stl
32,freesurfer,pial,520,236781,208226_lh.pial_converted-cut.stl
33,freesurfer,pial,540,307608,208327_lh.pial_converted-cut.stl
34,freesurfer,pial,820,199240,208428_lh.pial_converted-cut.stl
35,freesurfer,pial,828,236317,209127_lh.pial_converted-cut.stl
36,freesurfer,pial,1045,253855,209228_lh.pial_converted-cut.stl
37,freesurfer,pial,551,221145,209329_lh.pial_converted-cut.stl
38,freesurfer,pial,829,224808,209834_lh.pial_converted-cut.stl
39,freesurfer,pial,509,260644,209935_lh.pial_converted-cut.stl
40,freesurfer,pial,590,270613,210011_lh.pial_converted-cut.stl
41,freesurfer,pial,712,214088,210415_lh.pial_converted-cut.stl
42,freesurfer,pial,774,263932,210617_lh.pial_converted-cut.stl
43,freesurfer,pial,1529,257506,211114_lh.pial_converted-cut.stl
44,freesurfer,pial,525,292904,211215_lh.pial_converted-cut.stl
45,freesurfer,pial,437,211692,211316_lh.pial_converted-cut.stl
46,freesurfer,pial,908,248587,211417_lh.pial_converted-cut.stl
47,freesurfer,pial,616,294323,211720_lh.pial_converted-cut.stl
49,freesurfer,pial,1071,270060,212015_lh.pial_converted-cut.stl
50,freesurfer,pial,588,235758,212116_lh.pial_converted-cut.stl
51,freesurfer,pial,863,231454,212217_lh.pial_converted-cut.stl
52,freesurfer,pial,527,225137,212318_lh.pial_converted-cut.stl
53,freesurfer,pial,1026,244650,212419_lh.pial_converted-cut.stl
54,freesurfer,pial,606,264271,212823_lh.pial_converted-cut.stl
55,freesurfer,pial,861,267182,213421_lh.pial_converted-cut.stl
56,freesurfer,pial,588,223956,214019_lh.pial_converted-cut.stl
57,freesurfer,pial,904,229465,214221_lh.pial_converted-cut.stl
58,freesurfer,pial,1407,311427,214423_lh.pial_converted-cut.stl
59,freesurfer,pial,600,265183,214524_lh.pial_converted-cut.stl
60,freesurfer,pial,942,258943,214625_lh.pial_converted-cut.stl
61,freesurfer,pial,499,255237,214726_lh.pial_converted-cut.stl
62,freesurfer,pial,615,247323,217126_lh.pial_converted-cut.stl
63,freesurfer,pial,567,229376,217429_lh.pial_converted-cut.stl
64,freesurfer,pial,670,262945,220721_lh.pial_converted-cut.stl
65,freesurfer,pial,1603,232610,221218_lh.pial_converted-cut.stl
66,freesurfer,pial,944,224737,221319_lh.pial_converted-cut.stl
68,freesurfer,pial,334,211335,224022_lh.pial_converted-cut.stl
69,freesurfer,pial,394,251914,227432_lh.pial_converted-cut.stl
70,freesurfer,pial,286,220960,228434_lh.pial_converted-cut.stl
71,freesurfer,pial,623,234867,231928_lh.pial_converted-cut.stl
72,freesurfer,pial,1220,275094,233326_lh.pial_converted-cut.stl
73,freesurfer,pial,1073,247829,236130_lh.pial_converted-cut.stl
74,freesurfer,pial,421,231291,237334_lh.pial_converted-cut.stl
75,freesurfer,pial,846,258039,239944_lh.pial_converted-cut.stl
78,freesurfer,pial,508,262609,248339_lh.pial_converted-cut.stl
79,freesurfer,pial,686,236499,249947_lh.pial_converted-cut.stl
80,freesurfer,pial,359,225584,250427_lh.pial_converted-cut.stl
81,freesurfer,pial,585,230330,250932_lh.pial_converted-cut.stl
82,freesurfer,pial,1007,278274,251833_lh.pial_converted-cut.stl
83,freesurfer,pial,317,222090,255639_lh.pial_converted-cut.stl
84,freesurfer,pial,602,237469,256540_lh.pial_converted-cut.stl
85,freesurfer,pial,982,249863,257542_lh.pial_converted-cut.stl
86,freesurfer,pial,325,266697,257845_lh.pial_converted-cut.stl
87,freesurfer,pial,984,269019,263436_lh.pial_converted-cut.stl
88,freesurfer,pial,1244,296830,268749_lh.pial_converted-cut.stl
89,freesurfer,pial,967,247509,268850_lh.pial_converted-cut.stl
90,freesurfer,pial,944,325428,270332_lh.pial_converted-cut.stl
91,freesurfer,pial,904,232194,275645_lh.pial_converted-cut.stl
92,freesurfer,pial,648,228029,280739_lh.pial_converted-cut.stl
93,freesurfer,pial,894,255516,280941_lh.pial_converted-cut.stl
94,freesurfer,pial,579,258473,283543_lh.pial_converted-cut.stl
95,freesurfer,pial,1063,254386,284646_lh.pial_converted-cut.stl
96,freesurfer,pial,711,231746,285345_lh.pial_converted-cut.stl
97,freesurfer,pial,862,269716,285446_lh.pial_converted-cut.stl
98,freesurfer,pial,658,272478,286650_lh.pial_converted-cut.stl
99,freesurfer,pial,1308,267962,287248_lh.pial_converted-cut.stl
100,freesurfer,pial,614,205334,289555_lh.pial_converted-cut.stl
101,freesurfer,pial,803,270894,290136_lh.pial_converted-cut.stl
102,freesurfer,pial,625,208119,293748_lh.pial_converted-cut.stl
103,freesurfer,pial,664,234323,295146_lh.pial_converted-cut.stl
104,freesurfer,pial,674,204367,297655_lh.pial_converted-cut.stl
105,freesurfer,pial,963,281170,298051_lh.pial_converted-cut.stl
106,freesurfer,pial,653,259392,298455_lh.pial_converted-cut.stl
107,freesurfer,pial,885,279045,299154_lh.pial_converted-cut.stl
108,freesurfer,pial,885,279045,lh.pial_converted-cut.stl
